"WORD","FREQ","Ratio","Polarity"
"although",28,"0.117426534862834","negative"
"extremely",26,"0.108836578774127","negative"
"expensive",17,"0.117426534862834","negative"
"whatever",17,"0.117426534862834","negative"
"disappointed",14,"0.108836578774127","negative"
"problems",12,"0.117426534862834","negative"
"annoying",10,"0.108836578774127","negative"
"difficult",10,"0.117426534862834","negative"
"unfortunately",10,"0.108836578774127","negative"
"slightly",9,"0.117426534862834","negative"
"disappointing",7,"0.108836578774127","negative"
"inconvenient",6,"0.108836578774127","negative"
"reservations",6,"0.117426534862834","negative"
"seriously",6,"0.108836578774127","negative"
"complain",5,"0.108836578774127","negative"
"disappointment",5,"0.108836578774127","negative"
"downside",5,"0.108836578774127","negative"
"enormous",5,"0.108836578774127","negative"
"national",5,"0.108836578774127","negative"
"oversized",5,"0.117426534862834","negative"
"supposed",5,"0.117426534862834","negative"
"terrible",5,"0.108836578774127","negative"
"uncomfortable",5,"0.117426534862834","negative"
"complaint",4,"0.108836578774127","negative"
"impossible",4,"0.117426534862834","negative"
"negative",4,"0.117426534862834","negative"
"ridiculous",4,"0.108836578774127","negative"
"annoyance",3,"0.108836578774127","negative"
"confusing",3,"0.108836578774127","negative"
"disappoint",3,"0.108836578774127","negative"
"disturbed",3,"0.108836578774127","negative"
"impractical",3,"0.108836578774127","negative"
"irritating",3,"0.108836578774127","negative"
"miserable",3,"0.108836578774127","negative"
"nightmare",3,"0.108836578774127","negative"
"obviously",3,"0.108836578774127","negative"
"challenge",2,"0.117426534862834","negative"
"complicated",2,"0.117426534862834","negative"
"concerned",2,"0.108836578774127","negative"
"dangerous",2,"0.117426534862834","negative"
"darkness",2,"0.117426534862834","negative"
"defiantly",2,"0.108836578774127","negative"
"disaster",2,"0.108836578774127","negative"
"discount",2,"0.108836578774127","negative"
"disgusting",2,"0.108836578774127","negative"
"disorganized",2,"0.108836578774127","negative"
"dreadful",2,"0.108836578774127","negative"
"frustrated",2,"0.108836578774127","negative"
"hazardous",2,"0.117426534862834","negative"
"inappropriate",2,"0.108836578774127","negative"
"needless",2,"0.117426534862834","negative"
"outrageous",2,"0.108836578774127","negative"
"overwhelming",2,"0.108836578774127","negative"
"question",2,"0.108836578774127","negative"
"socalled",2,"0.108836578774127","negative"
"unbelievable",2,"0.108836578774127","negative"
"abomination",1,"0.108836578774127","negative"
"aggressive",1,"0.108836578774127","negative"
"appalling",1,"0.108836578774127","negative"
"baffling",1,"0.108836578774127","negative"
"blindingly",1,"0.108836578774127","negative"
"bothersome",1,"0.108836578774127","negative"
"complaints",1,"0.108836578774127","negative"
"concerns",1,"0.108836578774127","negative"
"condescending",1,"0.108836578774127","negative"
"confused",1,"0.108836578774127","negative"
"debatable",1,"0.108836578774127","negative"
"difficulty",1,"0.108836578774127","negative"
"disabled",1,"0.117426534862834","negative"
"disgusted",1,"0.108836578774127","negative"
"distract",1,"0.117426534862834","negative"
"disturbing",1,"0.108836578774127","negative"
"eccentric",1,"0.117426534862834","negative"
"eliminate",1,"0.117426534862834","negative"
"escapade",1,"0.117426534862834","negative"
"excessive",1,"0.108836578774127","negative"
"fearfully",1,"0.108836578774127","negative"
"frantically",1,"0.108836578774127","negative"
"frustrating",1,"0.108836578774127","negative"
"hesitant",1,"0.108836578774127","negative"
"horribly",1,"0.108836578774127","negative"
"horrific",1,"0.108836578774127","negative"
"imposing",1,"0.117426534862834","negative"
"inadequate",1,"0.117426534862834","negative"
"inconsistent",1,"0.117426534862834","negative"
"inconveniently",1,"0.108836578774127","negative"
"inevitable",1,"0.108836578774127","negative"
"infamous",1,"0.108836578774127","negative"
"infested",1,"0.117426534862834","negative"
"interference",1,"0.117426534862834","negative"
"interrupt",1,"0.117426534862834","negative"
"intimidating",1,"0.108836578774127","negative"
"intrusive",1,"0.108836578774127","negative"
"irritable",1,"0.108836578774127","negative"
"isolated",1,"0.117426534862834","negative"
"lackadaisical",1,"0.108836578774127","negative"
"maddeningly",1,"0.108836578774127","negative"
"marginally",1,"0.117426534862834","negative"
"mediocre",1,"0.108836578774127","negative"
"misleading",1,"0.108836578774127","negative"
"monotonous",1,"0.108836578774127","negative"
"monstrosity",1,"0.108836578774127","negative"
"narrower",1,"0.108836578774127","negative"
"nonsense",1,"0.108836578774127","negative"
"oppressive",1,"0.108836578774127","negative"
"overwhelmingly",1,"0.108836578774127","negative"
"painfully",1,"0.117426534862834","negative"
"patronize",1,"0.108836578774127","negative"
"pedestrian",1,"0.117426534862834","negative"
"pointless",1,"0.117426534862834","negative"
"questionable",1,"0.108836578774127","negative"
"reservation",1,"0.117426534862834","negative"
"spilling",1,"0.108836578774127","negative"
"strangest",1,"0.108836578774127","negative"
"strictly",1,"0.108836578774127","negative"
"substandard",1,"0.117426534862834","negative"
"superficial",1,"0.108836578774127","negative"
"superfluous",1,"0.108836578774127","negative"
"sympathy",1,"0.108836578774127","negative"
"terribly",1,"0.108836578774127","negative"
"threatening",1,"0.117426534862834","negative"
"tragically",1,"0.108836578774127","negative"
"unacceptable",1,"0.108836578774127","negative"
"uneventful",1,"0.117426534862834","negative"
"unfinished",1,"0.117426534862834","negative"
"uninformed",1,"0.117426534862834","negative"
"unlikely",1,"0.117426534862834","negative"
"unpleasant",1,"0.108836578774127","negative"
"unreasonable",1,"0.108836578774127","negative"
"unwelcome",1,"0.108836578774127","negative"
