"WORD","FREQ"
"bathroom",137
"location",137
"leicester",105
"breakfast",81
"friendly",53
"experience",52
"upgraded",52
"fantastic",42
"platinum",42
"everything",41
"wonderful",40
"separate",39
"comfortable",38
"especially",36
"definitely",35
"excellent",35
"reception",35
"restaurant",34
"fabulous",32
"starwood",32
"standard",31
"business",30
"recommend",30
"concierge",29
"although",28
"probably",27
"actually",26
"entrance",26
"extremely",26
"lighting",26
"available",25
"chinatown",25
"different",25
"property",25
"amenities",22
"anything",22
"designed",21
"restaurants",21
"birthday",20
"something",20
"downstairs",18
"everyone",18
"absolutely",17
"certainly",17
"expensive",17
"internet",17
"piccadilly",17
"saturday",17
"whatever",17
"beautiful",16
"facilities",16
"including",16
"shopping",16
"distance",15
"security",15
"stations",15
"complimentary",14
"corridors",14
"disappointed",14
"provided",14
"spacious",14
"anniversary",13
"champagne",13
"checking",13
"directly",13
"housekeeping",13
"properties",13
"atmosphere",12
"expected",12
"literally",12
"management",12
"mirrored",12
"possible",12
"problems",12
"products",12
"screening",12
"upgrades",12
"attentive",11
"attractions",11
"completely",11
"convenient",11
"curtains",11
"interesting",11
"nightclub",11
"sleeping",11
"welcoming",11
"annoying",10
"bathrooms",10
"bouncers",10
"building",10
"difficult",10
"generally",10
"included",10
"otherwise",10
"received",10
"structure",10
"surprise",10
"unfortunately",10
"whenever",10
"additional",9
"considering",9
"delicious",9
"following",9
"honeymoon",9
"outstanding",9
"requested",9
"slightly",9
"spectacular",9
"afternoon",8
"appreciated",8
"cocktails",8
"contemporary",8
"difference",8
"efficient",8
"equipped",8
"expectations",8
"hallways",8
"happened",8
"immediately",8
"memorable",8
"picadilly",8
"situated",8
"sometimes",8
"standing",8
"surprised",8
"travelers",8
"traveling",8
"accommodating",7
"appointed",7
"basically",7
"brilliant",7
"checkout",7
"children",7
"cleaning",7
"continental",7
"customer",7
"disappointing",7
"everywhere",7
"functional",7
"impressive",7
"marvelous",7
"mattress",7
"slippers",7
"standards",7
"suggested",7
"throughout",7
"toiletries",7
"traveler",7
"understand",7
"vacation",7
"wardrobe",7
"apparently",6
"arranged",6
"attitude",6
"blackout",6
"boyfriend",6
"category",6
"celebrate",6
"complete",6
"corridor",6
"district",6
"elevator",6
"elsewhere",6
"encountered",6
"european",6
"families",6
"frequent",6
"important",6
"inconvenient",6
"mentioned",6
"multiple",6
"nightlife",6
"normally",6
"offering",6
"overlooks",6
"particular",6
"personal",6
"positive",6
"remember",6
"reservations",6
"returning",6
"selection",6
"seriously",6
"services",6
"straight",6
"stunning",6
"television",6
"thinking",6
"tourists",6
"treatment",6
"unbeatable",6
"visiting",6
"watching",6
"accessible",5
"addition",5
"arriving",5
"centrally",5
"christmas",5
"claustrophobic",5
"complain",5
"connected",5
"daughter",5
"disappointment",5
"downside",5
"enormous",5
"evenings",5
"exceptional",5
"expecting",5
"experiences",5
"favorite",5
"function",5
"furniture",5
"husbands",5
"impressed",5
"improved",5
"incredible",5
"maintenance",5
"managers",5
"national",5
"overlooking",5
"oversized",5
"pastries",5
"personally",5
"pleasant",5
"pleasure",5
"prepared",5
"returned",5
"september",5
"somewhere",5
"spending",5
"supposed",5
"terrible",5
"together",5
"travelling",5
"turndown",5
"uncomfortable",5
"adjacent",4
"ambassador",4
"appreciate",4
"attention",4
"bothered",4
"cleanliness",4
"compared",4
"complaint",4
"computer",4
"consider",4
"constantly",4
"customers",4
"decorated",4
"delivered",4
"discover",4
"electric",4
"elements",4
"enjoying",4
"entering",4
"exception",4
"exploring",4
"familiar",4
"features",4
"frequently",4
"happening",4
"impeccable",4
"impossible",4
"impressions",4
"insiders",4
"interested",4
"mentioning",4
"midnight",4
"negative",4
"opportunity",4
"opposite",4
"original",4
"particularly",4
"perfectly",4
"perspective",4
"practical",4
"practice",4
"preferred",4
"previously",4
"professional",4
"projection",4
"projector",4
"properly",4
"recommendation",4
"relaxing",4
"requests",4
"reviewers",4
"ridiculous",4
"terrific",4
"theaters",4
"theatres",4
"traditional",4
"traveller",4
"underground",4
"upgrading",4
"accommodate",3
"allocated",3
"american",3
"annoyance",3
"anywhere",3
"availability",3
"blocking",3
"breakfasts",3
"changing",3
"colleagues",3
"communication",3
"conditioner",3
"confirmed",3
"confusing",3
"consistent",3
"contacted",3
"controls",3
"conveniently",3
"courteous",3
"daughters",3
"decoration",3
"decorative",3
"disappoint",3
"disturbed",3
"doorstep",3
"drinking",3
"electrical",3
"elevators",3
"engineer",3
"essentially",3
"eventually",3
"experienced",3
"exterior",3
"fivestar",3
"fortunately",3
"francisco",3
"furthermore",3
"girlfriend",3
"heathrow",3
"impractical",3
"incredibly",3
"informing",3
"intimate",3
"irritating",3
"luggages",3
"luxurious",3
"marvellous",3
"meridien",3
"miserable",3
"nespresso",3
"nightmare",3
"observed",3
"obviously",3
"olympics",3
"overpriced",3
"penthouse",3
"phenomenal",3
"pictures",3
"pleasantly",3
"potential",3
"pressure",3
"promptly",3
"provides",3
"proximity",3
"reasonable",3
"recognize",3
"recommended",3
"remembered",3
"representative",3
"residents",3
"romantic",3
"rotating",3
"separated",3
"situation",3
"smallest",3
"solution",3
"speakers",3
"speaking",3
"sporadically",3
"steamroom",3
"suitable",3
"superior",3
"surprisingly",3
"switches",3
"teacoffee",3
"technology",3
"temporary",3
"treatments",3
"tripadvisor",3
"understood",3
"ventilation",3
"weekends",3
"absolute",2
"acceptable",2
"accepted",2
"accomodate",2
"accurate",2
"accustomed",2
"addressed",2
"adequate",2
"advertised",2
"affordable",2
"afterwards",2
"ambience",2
"americans",2
"apologetic",2
"apologized",2
"appearance",2
"appeared",2
"applying",2
"appointment",2
"approximately",2
"arrangement",2
"assisting",2
"attached",2
"attempted",2
"authentic",2
"barcelona",2
"barlounge",2
"barstool",2
"bathrobes",2
"benefits",2
"bernardo",2
"bluetooth",2
"boutique",2
"carefully",2
"carnival",2
"carrying",2
"categories",2
"ceilings",2
"celebration",2
"challenge",2
"challenges",2
"channels",2
"charging",2
"chocolate",2
"choosing",2
"claiming",2
"cocktail",2
"collected",2
"collection",2
"combination",2
"comments",2
"comparing",2
"complained",2
"complicated",2
"concerned",2
"concierges",2
"condition",2
"conditioning",2
"confirmation",2
"connectivity",2
"considerate",2
"consists",2
"construction",2
"continue",2
"controller",2
"convenience",2
"convinced",2
"corrected",2
"courtesy",2
"cubbyhole",2
"cubicles",2
"cupcakes",2
"currently",2
"dangerous",2
"darkness",2
"december",2
"decision",2
"declined",2
"decorations",2
"defiantly",2
"departure",2
"described",2
"describes",2
"describing",2
"deserves",2
"disaster",2
"discount",2
"discovered",2
"disgusting",2
"disheveled",2
"disorganized",2
"districts",2
"dreadful",2
"efficiently",2
"embankment",2
"encounter",2
"energetic",2
"enjoyable",2
"entertainment",2
"environs",2
"everyday",2
"exceeded",2
"excellence",2
"exciting",2
"exclusive",2
"expectation",2
"explained",2
"extended",2
"favorites",2
"featured",2
"feedback",2
"fittings",2
"fixtures",2
"fortunate",2
"frontdesk",2
"frustrated",2
"functioning",2
"generous",2
"gentleman",2
"glitches",2
"gorgeous",2
"greatest",2
"greeting",2
"guaranteed",2
"gymamazing",2
"hasslefree",2
"hazardous",2
"heavenly",2
"helpfully",2
"hesitate",2
"honestly",2
"hotelroom",2
"immaculate",2
"immediate",2
"impression",2
"improvement",2
"improvements",2
"inappropriate",2
"informal",2
"information",2
"informed",2
"initially",2
"instances",2
"integrated",2
"interior",2
"international",2
"itinerary",2
"kingsize",2
"knowledge",2
"lightswitch",2
"listened",2
"longterm",2
"majority",2
"mauritius",2
"minifridge",2
"minimalistic",2
"necessary",2
"needless",2
"negatives",2
"neighborhood",2
"neighborhoods",2
"nightclubs",2
"november",2
"occasion",2
"occasions",2
"outrageous",2
"overlooked",2
"overwhelming",2
"partners",2
"performers",2
"placement",2
"planning",2
"plumbing",2
"portrait",2
"possibly",2
"presence",2
"presented",2
"previous",2
"priority",2
"programs",2
"proofing",2
"providing",2
"question",2
"questions",2
"rainforest",2
"recently",2
"receptionist",2
"recognised",2
"recognized",2
"regardless",2
"relations",2
"relationship",2
"relatively",2
"repaired",2
"reported",2
"researching",2
"reserved",2
"residences",2
"responsive",2
"resulted",2
"reviewed",2
"sandwich",2
"satisfying",2
"saunasteam",2
"schedule",2
"scratches",2
"seemingly",2
"shouldnt",2
"significant",2
"socalled",2
"somewhat",2
"soundproofed",2
"specially",2
"specific",2
"specifically",2
"spgplatinum",2
"splashes",2
"spotless",2
"stairwell",2
"starpoints",2
"streetlevel",2
"stressed",2
"stroller",2
"submitted",2
"suitcase",2
"suiteand",2
"supplied",2
"supposedly",2
"surprises",2
"surrounding",2
"surroundings",2
"switched",2
"symptomatic",2
"tastefully",2
"temperature",2
"therefore",2
"thorough",2
"thoroughly",2
"toothbrush",2
"trafalger",2
"transfer",2
"traveled",2
"treadmills",2
"treating",2
"turntables",2
"umbrellas",2
"unbelievable",2
"updating",2
"venturing",2
"visitors",2
"walkable",2
"welcomed",2
"whateverwhenever",2
"whimsical",2
"wondered",2
"wonderfully",2
"worldwide",2
"abomination",1
"accessed",1
"accessories",1
"accessory",1
"accidentally",1
"acclimate",1
"accommodation",1
"accommodations",1
"accompanying",1
"accomplished",1
"according",1
"accounting",1
"accoutrements",1
"accurately",1
"acknowledge",1
"acknowledged",1
"acknowledgement",1
"activated",1
"activities",1
"activity",1
"additionally",1
"adequately",1
"adjusted",1
"adjusting",1
"admittedly",1
"advanced",1
"advantage",1
"adventurous",1
"advising",1
"advocate",1
"aesthetics",1
"afforded",1
"aforementioned",1
"aggressive",1
"airplane",1
"alcoholic",1
"alexander",1
"alienating",1
"allblackclad",1
"allinall",1
"alluring",1
"alternative",1
"alternatively",1
"altogether",1
"amazingly",1
"amplified",1
"anniversarythe",1
"annoyances",1
"answered",1
"answering",1
"antartic",1
"anythingas",1
"apartment",1
"apartments",1
"apologies",1
"apologizing",1
"appalling",1
"approach",1
"approached",1
"appropriate",1
"arrangements",1
"arranges",1
"arranging",1
"artdesign",1
"arthritis",1
"assembly",1
"assigned",1
"assistance",1
"associated",1
"astonished",1
"astronomically",1
"atmospere",1
"atmospherewe",1
"atmsphere",1
"attended",1
"attending",1
"attentitive",1
"attractive",1
"attractiveclean",1
"attracts",1
"atypical",1
"automated",1
"availablity",1
"avoiding",1
"awaiting",1
"awakened",1
"babyyeah",1
"bachelor",1
"background",1
"backpack",1
"bacteria",1
"baffling",1
"baggages",1
"balanced",1
"balloons",1
"barlibrary",1
"barsclubs",1
"bartender",1
"bartenders",1
"bassfilled",1
"bathrobe",1
"bathroomreally",1
"bathroomshower",1
"bearable",1
"beautifully",1
"bedroomlounge",1
"bedroomsleeping",1
"bedsheet",1
"bedsheets",1
"beginning",1
"behaviors",1
"belgravia",1
"believed",1
"bellboys",1
"bellservice",1
"beverage",1
"billionaire",1
"blessing",1
"blindingly",1
"bookingcom",1
"bookings",1
"bordering",1
"borefest",1
"bothersome",1
"boutiques",1
"breathtaking",1
"brightly",1
"brightness",1
"brilliantly",1
"bringing",1
"brownies",1
"brushing",1
"buckingham",1
"budapest",1
"budgeting",1
"buildings",1
"bursting",1
"busstops",1
"cabinetry",1
"california",1
"callofduty",1
"capabilities",1
"capability",1
"capacity",1
"cappuccino",1
"caribbean",1
"carpetblack",1
"cashmoney",1
"cautions",1
"cavelike",1
"celebrated",1
"celebrating",1
"celebrations",1
"celebrity",1
"centralized",1
"cerealcontinental",1
"ceremony",1
"chairsstools",1
"challenged",1
"champange",1
"changingshower",1
"characters",1
"chauffeur",1
"checkinout",1
"cheerleader",1
"choclate",1
"christian",1
"cigarette",1
"cinemalike",1
"circular",1
"circumstance",1
"citybreaks",1
"civilized",1
"clandmark",1
"clanking",1
"classically",1
"classiest",1
"cleaners",1
"cleanest",1
"cleverly",1
"clientele",1
"closedbut",1
"clothing",1
"clubstyle",1
"cluttering",1
"cocktailsor",1
"coffeemaker",1
"coincided",1
"collapsed",1
"colliding",1
"colorful",1
"coloring",1
"combined",1
"combining",1
"comedically",1
"comforts",1
"commanding",1
"commemorate",1
"commentary",1
"commented",1
"companion",1
"compatible",1
"compensation",1
"competition",1
"complaints",1
"complementary",1
"completeness",1
"complicatedquirky",1
"compounding",1
"concealed",1
"conceals",1
"conceirge",1
"concerns",1
"conclusion",1
"condescending",1
"conferences",1
"confortable",1
"confused",1
"congratulatory",1
"conjested",1
"connecting",1
"connection",1
"connections",1
"considerably",1
"consideration",1
"considered",1
"consisted",1
"consistently",1
"consulted",1
"consulting",1
"contacts",1
"contained",1
"contains",1
"continued",1
"controlled",1
"convenienceandefficiencyoriented",1
"conveniences",1
"convenientsurrounded",1
"conventional",1
"conventionally",1
"conversation",1
"cordially",1
"cordless",1
"cordoned",1
"corporate",1
"corrdidors",1
"corresponding",1
"countertop",1
"countless",1
"couplessingles",1
"crashing",1
"crediting",1
"croissants",1
"crowdartistsetcdidnt",1
"cubbyholes",1
"cucumber",1
"culinary",1
"cunningly",1
"cupboard",1
"cupboards",1
"curbside",1
"cushions",1
"customise",1
"danciest",1
"dangerously",1
"daughtergranddaughter",1
"dayalthough",1
"daylight",1
"debatable",1
"deceived",1
"deconstruct",1
"dedicated",1
"deferred",1
"deficiencies",1
"definition",1
"delighful",1
"delights",1
"depending",1
"depleting",1
"deployment",1
"descends",1
"description",1
"descriptions",1
"designing",1
"designluxury",1
"desiring",1
"desirous",1
"deskchair",1
"desksink",1
"desktable",1
"desperadoes",1
"destination",1
"destinations",1
"detached",1
"detailed",1
"deteriorated",1
"diagonally",1
"diameter",1
"difficulty",1
"diffusers",1
"direction",1
"director",1
"disabled",1
"disappointedback",1
"disappointmentto",1
"discounted",1
"discoverd",1
"discrete",1
"disfunctional",1
"disgusted",1
"disinfected",1
"disliked",1
"dislikes",1
"dispenser",1
"disposable",1
"distract",1
"disturbing",1
"diversity",1
"djsmusic",1
"dominated",1
"dominics",1
"doorbars",1
"downgraded",1
"downness",1
"dozenhotel",1
"dramatically",1
"dreading",1
"dressing",1
"dribbled",1
"drilling",1
"dripping",1
"driveway",1
"duration",1
"earplugs",1
"eccentric",1
"eclectic",1
"effective",1
"electronic",1
"elegance",1
"elevatorslifts",1
"eliminate",1
"emailing",1
"embedded",1
"emergencies",1
"employed",1
"employees",1
"endlessly",1
"engagedthe",1
"engaging",1
"engagingfriendly",1
"engineering",1
"entertained",1
"entertainingsomeone",1
"enthusiastic",1
"entirely",1
"entirety",1
"entitled",1
"entourage",1
"entrances",1
"entrants",1
"entryway",1
"entryways",1
"equipment",1
"equivalent",1
"escapade",1
"essential",1
"establishments",1
"etcwhatever",1
"evaluate",1
"everyones",1
"everythingthis",1
"everytime",1
"exceeding",1
"excellentonly",1
"exceptionally",1
"exceptions",1
"excessive",1
"exclusively",1
"executed",1
"execution",1
"exercise",1
"exhausted",1
"exhausting",1
"exhaustive",1
"expansive",1
"expectingrobe",1
"expedience",1
"experiencing",1
"explanation",1
"exploded",1
"explored",1
"extending",1
"extensive",1
"external",1
"extraordinarily",1
"extraordinary",1
"facewash",1
"facility",1
"fainting",1
"fallingapart",1
"fascinating",1
"faultless",1
"favourite",1
"fearfully",1
"february",1
"feelings",1
"fillippo",1
"fingernail",1
"fingertips",1
"finished",1
"finishing",1
"firstname",1
"flashlight",1
"flawless",1
"fleecing",1
"flickering",1
"floorplan",1
"flustered",1
"foldaway",1
"followinga",1
"foodbeverage",1
"fooddrinkentertainment",1
"foolproof",1
"footprints",1
"foremost",1
"forgetting",1
"forgotten",1
"fraction",1
"frantically",1
"frederico",1
"frequented",1
"friendlier",1
"friendlyweve",1
"fruitful",1
"frustrating",1
"fumbling",1
"functionality",1
"furnished",1
"futuristic",1
"generalthe",1
"generation",1
"generously",1
"gentlemen",1
"genuinely",1
"getaways",1
"gigantic",1
"girlsremember",1
"glamorous",1
"glasslike",1
"gliterati",1
"glittering",1
"goodness",1
"gracious",1
"grandeur",1
"grantedfor",1
"greatbathroom",1
"greygoose",1
"groupies",1
"gruntgroan",1
"guarantee",1
"guidance",1
"hairdryer",1
"hakassan",1
"handeled",1
"handling",1
"handsome",1
"happiness",1
"hardwired",1
"hardwood",1
"headboard",1
"hereexcellent",1
"heritage",1
"hesitant",1
"hesitation",1
"highlight",1
"highlights",1
"hightech",1
"holidays",1
"hollywood",1
"homophobic",1
"honoring",1
"hopefully",1
"horribly",1
"horrific",1
"hospitable",1
"hotelsthis",1
"hotelthank",1
"housekeeper",1
"houstons",1
"httpswwwstarwoodhotelscompreferredguestpropertyfeaturesattractiondetailhtmlpropertyidattractionid",1
"hundreds",1
"illustrate",1
"imessage",1
"immersing",1
"implemented",1
"imposing",1
"impressively",1
"improving",1
"improvised",1
"inadequate",1
"inaugural",1
"incident",1
"inclusive",1
"inconsistent",1
"inconvenienced",1
"inconveniently",1
"increase",1
"increasingly",1
"indicated",1
"indication",1
"indicative",1
"industry",1
"inevitable",1
"infamous",1
"infested",1
"infrastructure",1
"insights",1
"insisted",1
"inspired",1
"inspires",1
"instructed",1
"instructions",1
"insulated",1
"insulation",1
"integration",1
"intelligent",1
"intentionally",1
"interact",1
"interest",1
"interests",1
"interference",1
"internationally",1
"interrupt",1
"intersection",1
"intervals",1
"intervened",1
"intially",1
"intimidating",1
"intoxicated",1
"introduced",1
"intrusive",1
"invariably",1
"involved",1
"iphoneipod",1
"irritable",1
"isolated",1
"istanbul",1
"itisawesome",1
"jawdropping",1
"jetsetters",1
"jonesing",1
"jurassic",1
"kilometer",1
"kindergarten",1
"knightsbridge",1
"knocking",1
"krishnas",1
"lackadaisical",1
"landmarks",1
"lanesborough",1
"latecheckout",1
"latelier",1
"leceister",1
"legitimate",1
"leiceister",1
"leveraging",1
"lifelong",1
"lifetime",1
"lightstvetc",1
"lightswelllunderstanding",1
"lightswitches",1
"likeminded",1
"limousine",1
"lipstick",1
"listening",1
"listlanguage",1
"littered",1
"livingroom",1
"lobbynightclub",1
"lobbythere",1
"locations",1
"locationwise",1
"loccitane",1
"logistics",1
"londonreally",1
"longhaul",1
"longtime",1
"loudness",1
"loudthis",1
"lowerranked",1
"lunchdinner",1
"luxuriate",1
"luxurymoving",1
"machines",1
"maddeningly",1
"mainonly",1
"maintained",1
"makeupclose",1
"manageable",1
"managementthe",1
"margarita",1
"marginally",1
"massages",1
"massively",1
"material",1
"materials",1
"mattered",1
"mcdonalds",1
"mckenzie",1
"measuring",1
"mediocre",1
"megasuite",1
"membership",1
"mentions",1
"menwoman",1
"menwomen",1
"mercedes",1
"mezzanine",1
"michelin",1
"midmarch",1
"midtwenties",1
"milanbased",1
"millions",1
"minibottles",1
"minimalist",1
"minneapolis",1
"mirrordoor",1
"mirrorless",1
"mirrorred",1
"mirrorthe",1
"misaligned",1
"misleading",1
"mismanagement",1
"mixologist",1
"mobility",1
"monotonous",1
"monstrosity",1
"morningthe",1
"mortally",1
"motioncontrolled",1
"motionsensorcontrolled",1
"motivated",1
"movement",1
"multipurpose",1
"musicals",1
"narrower",1
"narrowish",1
"navigate",1
"necessities",1
"neednothing",1
"neighbors",1
"neighbourhood",1
"nesspresso",1
"networks",1
"neverending",1
"nightclublounge",1
"nonhipself",1
"nonresort",1
"nonsense",1
"nontourist",1
"notepaper",1
"nothingin",1
"noticeable",1
"noticeably",1
"notified",1
"notsogreat",1
"numerous",1
"obscured",1
"obstructed",1
"occasional",1
"occasionally",1
"occupancy",1
"occupant",1
"occupants",1
"occupied",1
"occupying",1
"official",1
"officially",1
"offputting",1
"oneandonly",1
"onebedroom",1
"operated",1
"operates",1
"operational",1
"operator",1
"opinions",1
"opportunities",1
"oppressive",1
"optimizes",1
"organising",1
"outgoing",1
"outright",1
"outthere",1
"outweighing",1
"overboard",1
"overdesigned",1
"overheat",1
"overhyped",1
"overnight",1
"overwhelmingly",1
"paasschen",1
"painfully",1
"paintbrush",1
"pancakesit",1
"parliament",1
"partially",1
"patheticthe",1
"patricia",1
"patronize",1
"payperview",1
"peaceful",1
"pedestrian",1
"pedestrians",1
"peoplethe",1
"performing",1
"perimeter",1
"periodic",1
"personalized",1
"personnel",1
"philosophy",1
"photographyvery",1
"picaddily",1
"pillowsroom",1
"placesbut",1
"platesfilled",1
"platimum",1
"platinium",1
"platters",1
"pointless",1
"polaroid",1
"polished",1
"portable",1
"portuguese",1
"position",1
"positions",1
"positives",1
"practicing",1
"prebooked",1
"precisely",1
"preferable",1
"preferences",1
"pregnant",1
"premiere",1
"prerequisite",1
"preschooler",1
"preselected",1
"presents",1
"president",1
"presumably",1
"pretending",1
"prettiest",1
"primarily",1
"princess",1
"pristine",1
"produced",1
"professionals",1
"proffered",1
"profiling",1
"profound",1
"programme",1
"prohibits",1
"prominently",1
"promised",1
"protected",1
"providedthis",1
"publication",1
"pulldown",1
"purchasing",1
"purposeful",1
"purposely",1
"purposes",1
"pushchair",1
"pwhoever",1
"qualified",1
"qualities",1
"qualityincluding",1
"quarters",1
"questionable",1
"questioned",1
"quietness",1
"quirkiness",1
"railroad",1
"rainfall",1
"rainshower",1
"rationale",1
"realizing",1
"reapproached",1
"receptionlounge",1
"recommendations",1
"recovery",1
"rectangle",1
"redeeming",1
"redemption",1
"reference",1
"referred",1
"referring",1
"refilling",1
"reflected",1
"reflecting",1
"reflection",1
"refreshing",1
"refrigeration",1
"refusing",1
"regional",1
"register",1
"registered",1
"regrouted",1
"regularly",1
"reheated",1
"reimbursed",1
"relation",1
"relationshipor",1
"relative",1
"relaxation",1
"releases",1
"relevant",1
"reliable",1
"relocating",1
"remedies",1
"reminded",1
"reminder",1
"renovated",1
"renovation",1
"repairmen",1
"repeated",1
"repeatedly",1
"replaced",1
"replaces",1
"replenished",1
"replenishing",1
"representatives",1
"represents",1
"reprinted",1
"reputation",1
"requesting",1
"required",1
"research",1
"reservation",1
"reserving",1
"resettling",1
"resolved",1
"resonated",1
"resources",1
"responded",1
"responding",1
"response",1
"resubmit",1
"revamping",1
"revelers",1
"reviewon",1
"revolutionary",1
"ringleaders",1
"rollaway",1
"rollawaya",1
"roomservice",1
"roomvery",1
"sanderson",1
"sandwiches",1
"satisfactory",1
"satisfied",1
"saturdaysunday",1
"scheduled",1
"schubert",1
"scramble",1
"scrambled",1
"screeningspa",1
"seamlessly",1
"secondtonone",1
"sections",1
"selfconsciousness",1
"sensually",1
"separating",1
"servings",1
"settings",1
"shangrila",1
"shattered",1
"sheraton",1
"shotthey",1
"shouting",1
"showergel",1
"showering",1
"showersteam",1
"showroom",1
"signature",1
"signatures",1
"significantly",1
"silhouette",1
"simultaneously",1
"sincerely",1
"sinkbasic",1
"sinkcountertop",1
"sinkdesk",1
"situations",1
"sleekness",1
"slowdraining",1
"smallish",1
"smallwhich",1
"smoother",1
"snacksmm",1
"sociable",1
"sohomayfair",1
"someones",1
"soundproof",1
"soundproofing",1
"souvenir",1
"spabathentryway",1
"spasuite",1
"spilling",1
"spotlights",1
"sprawling",1
"squarewe",1
"squarewith",1
"squeezed",1
"staffclub",1
"staffing",1
"staffservice",1
"standout",1
"standpoint",1
"starbucks",1
"starkers",1
"starlings",1
"starters",1
"starting",1
"startrekset",1
"starwoods",1
"statement",1
"statements",1
"steroids",1
"sticking",1
"stonehenge",1
"stopping",1
"storagebathroom",1
"storeservice",1
"strangest",1
"strangethis",1
"strategy",1
"strawberries",1
"strengths",1
"stressless",1
"stretches",1
"strictly",1
"stripcasino",1
"strongly",1
"structural",1
"struggled",1
"substandard",1
"subwoofer",1
"succeeds",1
"successful",1
"succumbed",1
"suddenly",1
"suggestion",1
"suggestions",1
"suggests",1
"suitcases",1
"suitenever",1
"suiteseveral",1
"suitetyping",1
"suitewere",1
"suitewith",1
"summarize",1
"supercool",1
"superficial",1
"superfluous",1
"superman",1
"superstar",1
"supplement",1
"supplies",1
"supplydemand",1
"supremely",1
"surprising",1
"surround",1
"surrounded",1
"surrounds",1
"survived",1
"swearing",1
"swimming",1
"swindled",1
"switching",1
"sympathy",1
"tablesottomans",1
"teenagers",1
"teeshirts",1
"telephone",1
"temperatures",1
"terribly",1
"thanksgiving",1
"therapist",1
"thoughtout",1
"thoughtthrough",1
"threatening",1
"threestar",1
"thrilled",1
"thursday",1
"topnotch",1
"topquality",1
"touchscreen",1
"touristic",1
"tradeoffs",1
"traditionally",1
"trafalgar",1
"tragically",1
"training",1
"tranqulity",1
"transacted",1
"transgressions",1
"translates",1
"transport",1
"transportation",1
"trashcan",1
"trendytown",1
"troubleour",1
"truthfully",1
"turnover",1
"tvinternet",1
"twittering",1
"typically",1
"ubercool",1
"ultracomfortable",1
"ultramodern",1
"unacceptable",1
"unanswered",1
"unavailability",1
"unceremoniously",1
"uncommon",1
"unconventional",1
"underneath",1
"understaffed",1
"understandably",1
"undervanity",1
"underwater",1
"undoubted",1
"undressed",1
"uneventful",1
"unfailingly",1
"unfinished",1
"unforgivable",1
"uninformed",1
"uninspiring",1
"unlikely",1
"unlimited",1
"unnecessarily",1
"unobtrusively",1
"unpleasant",1
"unreasonable",1
"unresponsive",1
"unsupportive",1
"untrained",1
"unwelcome",1
"unwelcoming",1
"upcoming",1
"upgradeand",1
"upstairs",1
"usability",1
"vacuumed",1
"valentines",1
"vibrations",1
"vicinity",1
"victorian",1
"visibility",1
"visually",1
"waitress",1
"waitstaff",1
"walltowall",1
"warmlywe",1
"washbasin",1
"waterfall",1
"waterproof",1
"weekdays",1
"welcomethe",1
"welllaid",1
"wellness",1
"wellprepared",1
"westernized",1
"westminster",1
"westwood",1
"wherelast",1
"wherever",1
"whevever",1
"whomever",1
"wimbleton",1
"wonderfull",1
"wongenrichtens",1
"workinghousekeeping",1
"workspace",1
"worldclass",1
"wowsuite",1
"yauatcha",1
"youngatheart",1
"yourselfperhaps",1
