"WORD","FREQ","Ratio","Polarity"
"extremely",22,"0.108836578774127","negative"
"although",21,"0.117426534862834","negative"
"whatever",15,"0.117426534862834","negative"
"expensive",12,"0.117426534862834","negative"
"disappointed",10,"0.108836578774127","negative"
"unfortunately",9,"0.108836578774127","negative"
"difficult",8,"0.117426534862834","negative"
"problems",8,"0.117426534862834","negative"
"slightly",7,"0.117426534862834","negative"
"annoying",6,"0.108836578774127","negative"
"reservations",6,"0.117426534862834","negative"
"downside",5,"0.108836578774127","negative"
"terrible",5,"0.108836578774127","negative"
"uncomfortable",5,"0.117426534862834","negative"
"complain",4,"0.108836578774127","negative"
"impossible",4,"0.117426534862834","negative"
"negative",4,"0.117426534862834","negative"
"seriously",4,"0.108836578774127","negative"
"supposed",4,"0.117426534862834","negative"
"annoyance",3,"0.108836578774127","negative"
"complaint",3,"0.108836578774127","negative"
"disappointing",3,"0.108836578774127","negative"
"enormous",3,"0.108836578774127","negative"
"inconvenient",3,"0.108836578774127","negative"
"irritating",3,"0.108836578774127","negative"
"miserable",3,"0.108836578774127","negative"
"nightmare",3,"0.108836578774127","negative"
"oversized",3,"0.117426534862834","negative"
"challenge",2,"0.117426534862834","negative"
"complicated",2,"0.117426534862834","negative"
"concerned",2,"0.108836578774127","negative"
"confusing",2,"0.108836578774127","negative"
"dangerous",2,"0.117426534862834","negative"
"defiantly",2,"0.108836578774127","negative"
"disappointment",2,"0.108836578774127","negative"
"disorganized",2,"0.108836578774127","negative"
"disturbed",2,"0.108836578774127","negative"
"frustrated",2,"0.108836578774127","negative"
"impractical",2,"0.108836578774127","negative"
"obviously",2,"0.108836578774127","negative"
"overwhelming",2,"0.108836578774127","negative"
"socalled",2,"0.108836578774127","negative"
"unbelievable",2,"0.108836578774127","negative"
"abomination",1,"0.108836578774127","negative"
"appalling",1,"0.108836578774127","negative"
"baffling",1,"0.108836578774127","negative"
"bothersome",1,"0.108836578774127","negative"
"complaints",1,"0.108836578774127","negative"
"concerns",1,"0.108836578774127","negative"
"confused",1,"0.108836578774127","negative"
"darkness",1,"0.117426534862834","negative"
"debatable",1,"0.108836578774127","negative"
"difficulty",1,"0.108836578774127","negative"
"disabled",1,"0.117426534862834","negative"
"disaster",1,"0.108836578774127","negative"
"disgusted",1,"0.108836578774127","negative"
"disgusting",1,"0.108836578774127","negative"
"disturbing",1,"0.108836578774127","negative"
"eccentric",1,"0.117426534862834","negative"
"eliminate",1,"0.117426534862834","negative"
"escapade",1,"0.117426534862834","negative"
"excessive",1,"0.108836578774127","negative"
"fearfully",1,"0.108836578774127","negative"
"frustrating",1,"0.108836578774127","negative"
"hazardous",1,"0.117426534862834","negative"
"hesitant",1,"0.108836578774127","negative"
"horribly",1,"0.108836578774127","negative"
"imposing",1,"0.117426534862834","negative"
"inadequate",1,"0.117426534862834","negative"
"inappropriate",1,"0.108836578774127","negative"
"inconsistent",1,"0.117426534862834","negative"
"inevitable",1,"0.108836578774127","negative"
"infested",1,"0.117426534862834","negative"
"interference",1,"0.117426534862834","negative"
"intimidating",1,"0.108836578774127","negative"
"intrusive",1,"0.108836578774127","negative"
"irritable",1,"0.108836578774127","negative"
"isolated",1,"0.117426534862834","negative"
"lackadaisical",1,"0.108836578774127","negative"
"monotonous",1,"0.108836578774127","negative"
"national",1,"0.108836578774127","negative"
"needless",1,"0.117426534862834","negative"
"nonsense",1,"0.108836578774127","negative"
"outrageous",1,"0.108836578774127","negative"
"overwhelmingly",1,"0.108836578774127","negative"
"painfully",1,"0.117426534862834","negative"
"pedestrian",1,"0.117426534862834","negative"
"pointless",1,"0.117426534862834","negative"
"reservation",1,"0.117426534862834","negative"
"ridiculous",1,"0.108836578774127","negative"
"strangest",1,"0.108836578774127","negative"
"strictly",1,"0.108836578774127","negative"
"substandard",1,"0.117426534862834","negative"
"superfluous",1,"0.108836578774127","negative"
"sympathy",1,"0.108836578774127","negative"
"threatening",1,"0.117426534862834","negative"
"tragically",1,"0.108836578774127","negative"
"unacceptable",1,"0.108836578774127","negative"
"uneventful",1,"0.117426534862834","negative"
"unfinished",1,"0.117426534862834","negative"
"uninformed",1,"0.117426534862834","negative"
"unlikely",1,"0.117426534862834","negative"
