"WORD","FREQ"
"bathroom",103
"location",90
"leicester",85
"breakfast",70
"upgraded",45
"friendly",40
"fantastic",38
"experience",35
"reception",29
"separate",29
"especially",28
"wonderful",28
"comfortable",27
"definitely",27
"everything",27
"business",26
"standard",25
"excellent",24
"recommend",23
"restaurant",23
"concierge",22
"extremely",22
"platinum",22
"although",21
"entrance",20
"fabulous",19
"starwood",18
"birthday",17
"chinatown",17
"probably",17
"anything",16
"designed",16
"lighting",16
"property",16
"restaurants",16
"saturday",16
"something",16
"beautiful",15
"different",15
"downstairs",15
"shopping",15
"whatever",15
"absolutely",14
"actually",14
"including",14
"provided",14
"corridors",13
"distance",13
"amenities",12
"certainly",12
"complimentary",12
"everyone",12
"expensive",12
"facilities",12
"piccadilly",12
"possible",12
"anniversary",11
"available",11
"champagne",11
"checking",11
"curtains",11
"internet",11
"mirrored",11
"screening",11
"sleeping",11
"spacious",11
"atmosphere",10
"attentive",10
"disappointed",10
"housekeeping",10
"included",10
"whenever",10
"bouncers",9
"completely",9
"convenient",9
"directly",9
"following",9
"literally",9
"management",9
"products",9
"properties",9
"unfortunately",9
"afternoon",8
"difficult",8
"expected",8
"generally",8
"immediately",8
"nightclub",8
"outstanding",8
"problems",8
"requested",8
"security",8
"stations",8
"surprise",8
"welcoming",8
"additional",7
"attractions",7
"bathrooms",7
"delicious",7
"marvelous",7
"slightly",7
"surprised",7
"travelers",7
"annoying",6
"apparently",6
"arranged",6
"basically",6
"considering",6
"contemporary",6
"customer",6
"difference",6
"efficient",6
"expectations",6
"happened",6
"impressive",6
"interesting",6
"memorable",6
"otherwise",6
"personal",6
"received",6
"reservations",6
"selection",6
"situated",6
"sometimes",6
"standing",6
"thinking",6
"upgrades",6
"appreciated",5
"blackout",5
"brilliant",5
"building",5
"category",5
"celebrate",5
"checkout",5
"children",5
"cocktails",5
"complete",5
"continental",5
"downside",5
"elsewhere",5
"evenings",5
"experiences",5
"functional",5
"hallways",5
"happening",5
"honeymoon",5
"husbands",5
"impressed",5
"incredible",5
"mentioned",5
"nightlife",5
"offering",5
"overlooks",5
"picadilly",5
"positive",5
"returned",5
"slippers",5
"stunning",5
"suggested",5
"terrible",5
"toiletries",5
"traveler",5
"traveling",5
"travelling",5
"turndown",5
"uncomfortable",5
"watching",5
"accessible",4
"accommodating",4
"addition",4
"appointed",4
"arriving",4
"boyfriend",4
"centrally",4
"christmas",4
"cleaning",4
"cleanliness",4
"complain",4
"corridor",4
"customers",4
"daughter",4
"decorated",4
"district",4
"electric",4
"elevator",4
"enjoying",4
"exception",4
"expecting",4
"families",4
"favorite",4
"frequent",4
"frequently",4
"function",4
"impeccable",4
"important",4
"impossible",4
"impressions",4
"insiders",4
"managers",4
"mentioning",4
"midnight",4
"negative",4
"original",4
"overlooking",4
"pastries",4
"perfectly",4
"pleasant",4
"pleasure",4
"practical",4
"projection",4
"projector",4
"recommendation",4
"remember",4
"requests",4
"returning",4
"reviewers",4
"seriously",4
"somewhere",4
"spectacular",4
"supposed",4
"terrific",4
"together",4
"treatment",4
"underground",4
"understand",4
"vacation",4
"visiting",4
"wardrobe",4
"allocated",3
"ambassador",3
"annoyance",3
"appreciate",3
"attention",3
"attitude",3
"bothered",3
"claustrophobic",3
"colleagues",3
"compared",3
"complaint",3
"computer",3
"conditioner",3
"confirmed",3
"constantly",3
"contacted",3
"controls",3
"daughters",3
"decoration",3
"delivered",3
"disappointing",3
"discover",3
"doorstep",3
"electrical",3
"engineer",3
"enormous",3
"eventually",3
"everywhere",3
"exceptional",3
"exploring",3
"features",3
"fortunately",3
"francisco",3
"furniture",3
"furthermore",3
"girlfriend",3
"heathrow",3
"improved",3
"inconvenient",3
"interested",3
"irritating",3
"luggages",3
"luxurious",3
"mattress",3
"miserable",3
"multiple",3
"nightmare",3
"olympics",3
"opportunity",3
"opposite",3
"overpriced",3
"oversized",3
"particular",3
"particularly",3
"personally",3
"perspective",3
"pleasantly",3
"practice",3
"preferred",3
"prepared",3
"previously",3
"promptly",3
"properly",3
"provides",3
"remembered",3
"representative",3
"residents",3
"rotating",3
"separated",3
"september",3
"services",3
"solution",3
"speaking",3
"spending",3
"standards",3
"steamroom",3
"straight",3
"superior",3
"surprisingly",3
"technology",3
"television",3
"temporary",3
"theaters",3
"throughout",3
"tourists",3
"traditional",3
"traveller",3
"unbeatable",3
"ventilation",3
"weekends",3
"acceptable",2
"accommodate",2
"accomodate",2
"addressed",2
"adequate",2
"adjacent",2
"afterwards",2
"apologized",2
"appointment",2
"approximately",2
"arrangement",2
"assisting",2
"attached",2
"authentic",2
"availability",2
"barcelona",2
"barlounge",2
"bathrobes",2
"blocking",2
"bluetooth",2
"boutique",2
"breakfasts",2
"carnival",2
"carrying",2
"challenge",2
"changing",2
"channels",2
"charging",2
"choosing",2
"claiming",2
"collected",2
"collection",2
"communication",2
"comparing",2
"complicated",2
"concerned",2
"condition",2
"confirmation",2
"confusing",2
"connected",2
"connectivity",2
"consider",2
"considerate",2
"consists",2
"construction",2
"continue",2
"controller",2
"convenience",2
"conveniently",2
"convinced",2
"courteous",2
"courtesy",2
"cubbyhole",2
"cubicles",2
"currently",2
"dangerous",2
"decision",2
"declined",2
"decorations",2
"decorative",2
"defiantly",2
"departure",2
"disappointment",2
"discovered",2
"disheveled",2
"disorganized",2
"disturbed",2
"elements",2
"encountered",2
"energetic",2
"enjoyable",2
"entering",2
"equipped",2
"european",2
"excellence",2
"exclusive",2
"experienced",2
"explained",2
"exterior",2
"featured",2
"feedback",2
"fittings",2
"fivestar",2
"fortunate",2
"frontdesk",2
"frustrated",2
"functioning",2
"generous",2
"gentleman",2
"glitches",2
"gorgeous",2
"greeting",2
"hesitate",2
"honestly",2
"hotelroom",2
"immaculate",2
"immediate",2
"impractical",2
"impression",2
"incredibly",2
"informal",2
"informed",2
"initially",2
"instances",2
"interior",2
"international",2
"itinerary",2
"kingsize",2
"lightswitch",2
"longterm",2
"maintenance",2
"mauritius",2
"necessary",2
"negatives",2
"nightclubs",2
"normally",2
"observed",2
"obviously",2
"occasions",2
"overwhelming",2
"partners",2
"penthouse",2
"performers",2
"phenomenal",2
"pictures",2
"placement",2
"plumbing",2
"pressure",2
"professional",2
"proofing",2
"providing",2
"proximity",2
"questions",2
"recently",2
"receptionist",2
"recognised",2
"recognized",2
"recommended",2
"relations",2
"relatively",2
"relaxing",2
"reported",2
"reserved",2
"responsive",2
"resulted",2
"romantic",2
"sandwich",2
"schedule",2
"situation",2
"socalled",2
"speakers",2
"specially",2
"specific",2
"specifically",2
"spgplatinum",2
"splashes",2
"spotless",2
"stairwell",2
"streetlevel",2
"stressed",2
"stroller",2
"suitable",2
"suiteand",2
"supplied",2
"switched",2
"switches",2
"symptomatic",2
"tastefully",2
"teacoffee",2
"theatres",2
"therefore",2
"thoroughly",2
"trafalger",2
"transfer",2
"treating",2
"treatments",2
"turntables",2
"umbrellas",2
"unbelievable",2
"understood",2
"upgrading",2
"venturing",2
"visitors",2
"welcomed",2
"wondered",2
"abomination",1
"absolute",1
"accessed",1
"accessories",1
"accessory",1
"accidentally",1
"accommodations",1
"accompanying",1
"according",1
"accounting",1
"accurately",1
"accustomed",1
"acknowledge",1
"acknowledgement",1
"activated",1
"activity",1
"additionally",1
"adjusted",1
"admittedly",1
"advanced",1
"advantage",1
"advertised",1
"advising",1
"advocate",1
"affordable",1
"aforementioned",1
"airplane",1
"alcoholic",1
"alienating",1
"allblackclad",1
"alternatively",1
"amazingly",1
"ambience",1
"american",1
"anniversarythe",1
"annoyances",1
"answering",1
"antartic",1
"anywhere",1
"apartment",1
"apartments",1
"apologetic",1
"apologies",1
"apologizing",1
"appalling",1
"appearance",1
"appeared",1
"applying",1
"approach",1
"approached",1
"arrangements",1
"arranges",1
"arranging",1
"artdesign",1
"arthritis",1
"assembly",1
"assigned",1
"assistance",1
"associated",1
"astronomically",1
"atmospere",1
"atmospherewe",1
"attempted",1
"attended",1
"attentitive",1
"attractiveclean",1
"attracts",1
"automated",1
"avoiding",1
"awaiting",1
"awakened",1
"babyyeah",1
"bachelor",1
"backpack",1
"bacteria",1
"baffling",1
"baggages",1
"balanced",1
"balloons",1
"barsclubs",1
"barstool",1
"bartender",1
"bartenders",1
"bathrobe",1
"bathroomreally",1
"bearable",1
"beautifully",1
"bedroomlounge",1
"bedroomsleeping",1
"bedsheet",1
"bedsheets",1
"behaviors",1
"belgravia",1
"believed",1
"bellboys",1
"bellservice",1
"benefits",1
"bernardo",1
"bookingcom",1
"bookings",1
"bordering",1
"bothersome",1
"boutiques",1
"breathtaking",1
"brightly",1
"brilliantly",1
"brushing",1
"buckingham",1
"budapest",1
"budgeting",1
"bursting",1
"busstops",1
"cabinetry",1
"california",1
"callofduty",1
"capabilities",1
"capability",1
"cappuccino",1
"carefully",1
"caribbean",1
"carpetblack",1
"categories",1
"cautions",1
"celebrated",1
"celebrations",1
"celebrity",1
"centralized",1
"cerealcontinental",1
"ceremony",1
"challenged",1
"challenges",1
"chauffeur",1
"checkinout",1
"chocolate",1
"christian",1
"cigarette",1
"cinemalike",1
"circular",1
"circumstance",1
"citybreaks",1
"clandmark",1
"classically",1
"classiest",1
"cleaners",1
"cleanest",1
"closedbut",1
"clubstyle",1
"cluttering",1
"cocktail",1
"collapsed",1
"colliding",1
"colorful",1
"coloring",1
"combination",1
"combined",1
"comedically",1
"comforts",1
"commanding",1
"commemorate",1
"commented",1
"comments",1
"companion",1
"compatible",1
"competition",1
"complained",1
"complaints",1
"complementary",1
"completeness",1
"complicatedquirky",1
"conceirge",1
"concerns",1
"concierges",1
"conclusion",1
"conditioning",1
"conferences",1
"confortable",1
"confused",1
"conjested",1
"connection",1
"connections",1
"considerably",1
"consideration",1
"considered",1
"consisted",1
"consistent",1
"consulting",1
"contacts",1
"contains",1
"continued",1
"controlled",1
"convenienceandefficiencyoriented",1
"conventional",1
"conventionally",1
"cordially",1
"cordless",1
"corrected",1
"countertop",1
"countless",1
"crashing",1
"croissants",1
"crowdartistsetcdidnt",1
"cubbyholes",1
"cucumber",1
"culinary",1
"cupboards",1
"cupcakes",1
"curbside",1
"cushions",1
"customise",1
"danciest",1
"darkness",1
"dayalthough",1
"daylight",1
"debatable",1
"december",1
"deconstruct",1
"dedicated",1
"deferred",1
"depending",1
"depleting",1
"deployment",1
"descends",1
"described",1
"describes",1
"description",1
"descriptions",1
"designluxury",1
"desiring",1
"deskchair",1
"destination",1
"destinations",1
"detached",1
"detailed",1
"deteriorated",1
"diameter",1
"difficulty",1
"diffusers",1
"direction",1
"director",1
"disabled",1
"disappointedback",1
"disappointmentto",1
"disaster",1
"discounted",1
"discoverd",1
"discrete",1
"disfunctional",1
"disgusted",1
"disgusting",1
"disinfected",1
"disliked",1
"dislikes",1
"disposable",1
"districts",1
"disturbing",1
"diversity",1
"djsmusic",1
"dominated",1
"dominics",1
"doorbars",1
"downgraded",1
"dozenhotel",1
"dreading",1
"dressing",1
"drinking",1
"driveway",1
"earplugs",1
"eccentric",1
"eclectic",1
"effective",1
"efficiently",1
"electronic",1
"elegance",1
"elevators",1
"elevatorslifts",1
"eliminate",1
"embankment",1
"embedded",1
"emergencies",1
"employed",1
"employees",1
"encounter",1
"endlessly",1
"engagedthe",1
"engaging",1
"engagingfriendly",1
"entertained",1
"entertainment",1
"enthusiastic",1
"entirely",1
"entirety",1
"entrances",1
"entrants",1
"entryway",1
"environs",1
"escapade",1
"essentially",1
"establishment",1
"everyday",1
"everyones",1
"everythingthis",1
"everytime",1
"exceeded",1
"exceeding",1
"excellentonly",1
"exceptions",1
"excessive",1
"exciting",1
"exclusively",1
"executed",1
"exhausted",1
"exhaustive",1
"expansive",1
"expectation",1
"expectingrobe",1
"experiencing",1
"explanation",1
"exploded",1
"explored",1
"extended",1
"extensive",1
"external",1
"extraordinarily",1
"facewash",1
"facility",1
"fainting",1
"fallingapart",1
"familiar",1
"fascinating",1
"faultless",1
"favorites",1
"fearfully",1
"feelings",1
"fingernail",1
"fingertips",1
"finishing",1
"firstname",1
"flashlight",1
"flawless",1
"floorplan",1
"flustered",1
"foldaway",1
"followinga",1
"foodbeverage",1
"fooddrinkentertainment",1
"foolproof",1
"footprints",1
"foremost",1
"forgetting",1
"forgotten",1
"frederico",1
"frequented",1
"friendlier",1
"friendlyweve",1
"fruitful",1
"frustrating",1
"functionality",1
"futuristic",1
"generalthe",1
"generously",1
"genuinely",1
"getaways",1
"glamorous",1
"glasslike",1
"gliterati",1
"glittering",1
"goodness",1
"grandeur",1
"grantedfor",1
"greatbathroom",1
"greatest",1
"greygoose",1
"groupies",1
"gruntgroan",1
"guarantee",1
"guidance",1
"hakassan",1
"handeled",1
"handsome",1
"happiness",1
"hardwired",1
"hasslefree",1
"hazardous",1
"headboard",1
"helpfully",1
"hereexcellent",1
"heritage",1
"hesitant",1
"hesitation",1
"highlight",1
"highlights",1
"hightech",1
"holidays",1
"hollywood",1
"honoring",1
"hopefully",1
"horribly",1
"hospitable",1
"hotelsthis",1
"hotelthank",1
"housekeeper",1
"houstons",1
"httpswwwstarwoodhotelscompreferredguestpropertyfeaturesattractiondetailhtmlpropertyidattractionid",1
"hundreds",1
"illustrate",1
"imessage",1
"immersing",1
"imposing",1
"impressively",1
"improvement",1
"improvements",1
"improving",1
"improvised",1
"inadequate",1
"inappropriate",1
"inaugural",1
"incident",1
"inclusive",1
"inconsistent",1
"inconvenienced",1
"increasingly",1
"indicated",1
"indication",1
"indicative",1
"industry",1
"inevitable",1
"infested",1
"information",1
"informing",1
"infrastructure",1
"insights",1
"insisted",1
"inspired",1
"inspires",1
"instructed",1
"instructions",1
"insulated",1
"integration",1
"interact",1
"interest",1
"interference",1
"internationally",1
"intersection",1
"intially",1
"intimate",1
"intimidating",1
"intoxicated",1
"introduced",1
"intrusive",1
"invariably",1
"involved",1
"iphoneipod",1
"irritable",1
"isolated",1
"istanbul",1
"itisawesome",1
"jawdropping",1
"jetsetters",1
"jurassic",1
"kilometer",1
"kindergarten",1
"knightsbridge",1
"knocking",1
"knowledge",1
"krishnas",1
"lackadaisical",1
"landmarks",1
"latecheckout",1
"latelier",1
"leceister",1
"leiceister",1
"leveraging",1
"lifetime",1
"lightstvetc",1
"lightswelllunderstanding",1
"lightswitches",1
"likeminded",1
"limousine",1
"lipstick",1
"listened",1
"listlanguage",1
"littered",1
"livingroom",1
"lobbynightclub",1
"lobbythere",1
"locationwise",1
"loccitane",1
"logistics",1
"londonreally",1
"longhaul",1
"longtime",1
"loudness",1
"loudthis",1
"lunchdinner",1
"luxurymoving",1
"maintained",1
"majority",1
"makeupclose",1
"manageable",1
"managementthe",1
"margarita",1
"marvellous",1
"massages",1
"massively",1
"material",1
"mattered",1
"mckenzie",1
"megasuite",1
"membership",1
"menwoman",1
"mercedes",1
"meridien",1
"mezzanine",1
"michelin",1
"midtwenties",1
"milanbased",1
"millions",1
"minibottles",1
"minimalistic",1
"mirrorless",1
"mirrorred",1
"mirrorthe",1
"misaligned",1
"mismanagement",1
"mixologist",1
"mobility",1
"monotonous",1
"morningthe",1
"mortally",1
"motivated",1
"musicals",1
"national",1
"navigate",1
"necessities",1
"needless",1
"neednothing",1
"neighborhood",1
"neighborhoods",1
"neighbors",1
"neighbourhood",1
"nespresso",1
"nesspresso",1
"neverending",1
"nightclublounge",1
"nonhipself",1
"nonresort",1
"nonsense",1
"nontourist",1
"notepaper",1
"nothingin",1
"noticeable",1
"noticeably",1
"notified",1
"notsogreat",1
"november",1
"numerous",1
"occasion",1
"occasional",1
"occasionally",1
"occupied",1
"occupying",1
"onebedroom",1
"operated",1
"operational",1
"opinions",1
"organising",1
"outgoing",1
"outrageous",1
"outthere",1
"overdesigned",1
"overheat",1
"overhyped",1
"overlooked",1
"overwhelmingly",1
"painfully",1
"paintbrush",1
"pancakesit",1
"parliament",1
"patheticthe",1
"payperview",1
"peaceful",1
"pedestrian",1
"pedestrians",1
"peoplethe",1
"performing",1
"perimeter",1
"personalized",1
"personnel",1
"philosophy",1
"picaddily",1
"pillowsroom",1
"placesbut",1
"planning",1
"platesfilled",1
"pointless",1
"polished",1
"portable",1
"portrait",1
"position",1
"positions",1
"positives",1
"possibly",1
"potential",1
"practicing",1
"prebooked",1
"preferences",1
"pregnant",1
"premiere",1
"preschooler",1
"presence",1
"presented",1
"presents",1
"prettiest",1
"previous",1
"primarily",1
"princess",1
"pristine",1
"produced",1
"professionals",1
"profound",1
"programme",1
"programs",1
"prohibits",1
"prominently",1
"protected",1
"providedthis",1
"publication",1
"pulldown",1
"purchasing",1
"purposeful",1
"purposely",1
"pushchair",1
"qualified",1
"qualities",1
"quarters",1
"quietness",1
"quirkiness",1
"railroad",1
"rainfall",1
"rainshower",1
"rationale",1
"realizing",1
"reapproached",1
"reasonable",1
"receptionlounge",1
"recognize",1
"recommendations",1
"recovery",1
"rectangle",1
"reference",1
"refilling",1
"reflected",1
"reflecting",1
"reflection",1
"refreshing",1
"refrigeration",1
"register",1
"registered",1
"regularly",1
"reheated",1
"reimbursed",1
"relation",1
"relative",1
"relaxation",1
"releases",1
"relevant",1
"relocating",1
"reminder",1
"renovated",1
"renovation",1
"repaired",1
"repeated",1
"repeatedly",1
"replaced",1
"replaces",1
"representatives",1
"reprinted",1
"reputation",1
"required",1
"reservation",1
"reserving",1
"residences",1
"resonated",1
"responded",1
"responding",1
"response",1
"resubmit",1
"revamping",1
"revelers",1
"reviewed",1
"reviewon",1
"revolutionary",1
"ridiculous",1
"rollaway",1
"roomservice",1
"roomvery",1
"sanderson",1
"sandwiches",1
"satisfactory",1
"satisfied",1
"saunasteam",1
"scheduled",1
"schubert",1
"scrambled",1
"scratches",1
"screeningspa",1
"seamlessly",1
"secondtonone",1
"sections",1
"seemingly",1
"selfconsciousness",1
"sensually",1
"separating",1
"settings",1
"shangrila",1
"shattered",1
"shouting",1
"showergel",1
"showering",1
"showersteam",1
"showroom",1
"signature",1
"signatures",1
"significantly",1
"silhouette",1
"simultaneously",1
"sincerely",1
"sinkcountertop",1
"sinkdesk",1
"situations",1
"sleekness",1
"slowdraining",1
"smallest",1
"smallish",1
"smallwhich",1
"smoother",1
"sociable",1
"sohomayfair",1
"somewhat",1
"soundproof",1
"soundproofed",1
"souvenir",1
"spabathentryway",1
"spasuite",1
"spotlights",1
"squarewe",1
"squarewith",1
"squeezed",1
"staffclub",1
"staffing",1
"staffservice",1
"starbucks",1
"starters",1
"starting",1
"startrekset",1
"steroids",1
"sticking",1
"stonehenge",1
"storagebathroom",1
"strangest",1
"strangethis",1
"strategy",1
"strawberries",1
"stressless",1
"stretches",1
"strictly",1
"strongly",1
"structural",1
"structure",1
"submitted",1
"substandard",1
"subwoofer",1
"succeeds",1
"successful",1
"succumbed",1
"suddenly",1
"suggestion",1
"suggestions",1
"suggests",1
"suitcase",1
"suitcases",1
"suitenever",1
"suitetyping",1
"suitewere",1
"suitewith",1
"summarize",1
"supercool",1
"superfluous",1
"superman",1
"supplement",1
"supplies",1
"supposedly",1
"supremely",1
"surprises",1
"surprising",1
"surround",1
"surrounded",1
"surrounding",1
"survived",1
"swearing",1
"swindled",1
"sympathy",1
"tablesottomans",1
"teeshirts",1
"telephone",1
"temperature",1
"temperatures",1
"therapist",1
"thorough",1
"thoughtout",1
"thoughtthrough",1
"threatening",1
"thrilled",1
"thursday",1
"toothbrush",1
"topnotch",1
"topquality",1
"touchscreen",1
"tradeoffs",1
"trafalgar",1
"tragically",1
"training",1
"tranqulity",1
"transgressions",1
"transport",1
"trashcan",1
"traveled",1
"treadmills",1
"trendytown",1
"tripadvisor",1
"troubleour",1
"truthfully",1
"tvinternet",1
"ubercool",1
"ultracomfortable",1
"unacceptable",1
"unanswered",1
"unavailability",1
"unceremoniously",1
"uncommon",1
"unconventional",1
"underneath",1
"understandably",1
"undervanity",1
"underwater",1
"undoubted",1
"uneventful",1
"unfailingly",1
"unfinished",1
"unforgivable",1
"uninformed",1
"unlikely",1
"unlimited",1
"unnecessarily",1
"unobtrusively",1
"unresponsive",1
"unsupportive",1
"untrained",1
"upcoming",1
"updating",1
"upgradeand",1
"upstairs",1
"usability",1
"vacuumed",1
"valentines",1
"vibrations",1
"vicinity",1
"visibility",1
"waitress",1
"warmlywe",1
"waterproof",1
"welcomethe",1
"welllaid",1
"wellness",1
"wellprepared",1
"westernized",1
"westminster",1
"whateverwhenever",1
"wherelast",1
"wherever",1
"whevever",1
"whimsical",1
"whomever",1
"wonderfull",1
"wonderfully",1
"wongenrichtens",1
"workspace",1
"worldclass",1
"worldwide",1
"wowsuite",1
"yauatcha",1
"youngatheart",1
"yourselfperhaps",1
