"WORD","FREQ"
"leicester",70
"location",61
"breakfast",39
"bathroom",37
"fantastic",35
"upgraded",34
"friendly",32
"platinum",28
"experience",26
"everything",25
"definitely",24
"wonderful",23
"especially",22
"restaurant",22
"comfortable",20
"excellent",20
"fabulous",19
"birthday",18
"business",18
"concierge",18
"recommend",16
"separate",14
"standard",14
"absolutely",13
"amenities",13
"anniversary",13
"different",13
"downstairs",13
"reception",13
"starwood",13
"entrance",12
"including",12
"property",12
"extremely",11
"restaurants",11
"spacious",11
"anything",10
"distance",10
"everyone",10
"shopping",10
"actually",9
"champagne",9
"chinatown",9
"saturday",9
"screening",9
"certainly",8
"memorable",8
"outstanding",8
"possible",8
"probably",8
"products",8
"properties",8
"something",8
"surprise",8
"welcoming",8
"whatever",8
