"WORD","FREQ","Ratio","Polarity"
"bathroom",137,"2.31512017476245","positive"
"location",137,"2.31512017476245","positive"
"leicester",105,"2.31512017476245","positive"
"breakfast",81,"2.31512017476245","positive"
"friendly",53,"21.2715265477714","positive"
"experience",52,"19.7154772340574","positive"
"upgraded",52,"2.31512017476245","positive"
"fantastic",42,"21.2715265477714","positive"
"platinum",42,"2.31512017476245","positive"
"everything",41,"2.31512017476245","positive"
"wonderful",40,"21.2715265477714","positive"
"separate",39,"2.31512017476245","positive"
"comfortable",38,"19.7154772340574","positive"
"especially",36,"21.2715265477714","positive"
"definitely",35,"19.7154772340574","positive"
"excellent",35,"21.2715265477714","positive"
"reception",35,"2.31512017476245","positive"
"restaurant",34,"2.31512017476245","positive"
"fabulous",32,"21.2715265477714","positive"
"starwood",32,"2.31512017476245","positive"
"standard",31,"2.31512017476245","positive"
"business",30,"2.31512017476245","positive"
"recommend",30,"21.2715265477714","positive"
"concierge",29,"2.31512017476245","positive"
"probably",27,"2.31512017476245","positive"
"actually",26,"2.31512017476245","positive"
"entrance",26,"19.7154772340574","positive"
"lighting",26,"2.31512017476245","positive"
"available",25,"2.31512017476245","positive"
"chinatown",25,"2.31512017476245","positive"
"different",25,"2.31512017476245","positive"
"property",25,"2.31512017476245","positive"
"amenities",22,"2.31512017476245","positive"
"anything",22,"2.31512017476245","positive"
"designed",21,"2.31512017476245","positive"
"restaurants",21,"2.31512017476245","positive"
"birthday",20,"2.31512017476245","positive"
"something",20,"2.31512017476245","positive"
"downstairs",18,"2.31512017476245","positive"
"everyone",18,"2.31512017476245","positive"
"absolutely",17,"2.31512017476245","positive"
"certainly",17,"2.31512017476245","positive"
"internet",17,"2.31512017476245","positive"
"piccadilly",17,"2.31512017476245","positive"
"saturday",17,"2.31512017476245","positive"
"beautiful",16,"21.2715265477714","positive"
"facilities",16,"2.31512017476245","positive"
"including",16,"2.31512017476245","positive"
"shopping",16,"2.31512017476245","positive"
"distance",15,"2.31512017476245","positive"
"security",15,"19.7154772340574","positive"
"stations",15,"2.31512017476245","positive"
"complimentary",14,"21.2715265477714","positive"
"corridors",14,"2.31512017476245","positive"
"provided",14,"2.31512017476245","positive"
"spacious",14,"19.7154772340574","positive"
"anniversary",13,"2.31512017476245","positive"
"champagne",13,"2.31512017476245","positive"
"checking",13,"2.31512017476245","positive"
"directly",13,"2.31512017476245","positive"
"housekeeping",13,"2.31512017476245","positive"
"properties",13,"2.31512017476245","positive"
"atmosphere",12,"2.31512017476245","positive"
"expected",12,"2.31512017476245","positive"
"literally",12,"2.31512017476245","positive"
"management",12,"2.31512017476245","positive"
"mirrored",12,"2.31512017476245","positive"
"possible",12,"2.31512017476245","positive"
"products",12,"2.31512017476245","positive"
"screening",12,"2.31512017476245","positive"
"upgrades",12,"2.31512017476245","positive"
"attentive",11,"21.2715265477714","positive"
"attractions",11,"2.31512017476245","positive"
"completely",11,"2.31512017476245","positive"
"convenient",11,"19.7154772340574","positive"
"curtains",11,"2.31512017476245","positive"
"interesting",11,"21.2715265477714","positive"
"nightclub",11,"2.31512017476245","positive"
"sleeping",11,"2.31512017476245","positive"
"welcoming",11,"2.31512017476245","positive"
"bathrooms",10,"2.31512017476245","positive"
"bouncers",10,"2.31512017476245","positive"
"building",10,"2.31512017476245","positive"
"generally",10,"2.31512017476245","positive"
"included",10,"2.31512017476245","positive"
"otherwise",10,"2.31512017476245","positive"
"received",10,"2.31512017476245","positive"
"structure",10,"2.31512017476245","positive"
"surprise",10,"2.31512017476245","positive"
"whenever",10,"2.31512017476245","positive"
"additional",9,"2.31512017476245","positive"
"considering",9,"2.31512017476245","positive"
"delicious",9,"21.2715265477714","positive"
"following",9,"2.31512017476245","positive"
"honeymoon",9,"19.7154772340574","positive"
"outstanding",9,"21.2715265477714","positive"
"requested",9,"2.31512017476245","positive"
"spectacular",9,"21.2715265477714","positive"
"afternoon",8,"2.31512017476245","positive"
"appreciated",8,"2.31512017476245","positive"
"cocktails",8,"2.31512017476245","positive"
"contemporary",8,"2.31512017476245","positive"
"difference",8,"2.31512017476245","positive"
"efficient",8,"19.7154772340574","positive"
"equipped",8,"2.31512017476245","positive"
"expectations",8,"2.31512017476245","positive"
"hallways",8,"2.31512017476245","positive"
"happened",8,"2.31512017476245","positive"
"immediately",8,"2.31512017476245","positive"
"memorable",8,"21.2715265477714","positive"
"picadilly",8,"2.31512017476245","positive"
"situated",8,"2.31512017476245","positive"
"sometimes",8,"2.31512017476245","positive"
"standing",8,"2.31512017476245","positive"
"surprised",8,"2.31512017476245","positive"
"travelers",8,"2.31512017476245","positive"
"traveling",8,"2.31512017476245","positive"
"accommodating",7,"2.31512017476245","positive"
"appointed",7,"2.31512017476245","positive"
"basically",7,"2.31512017476245","positive"
"brilliant",7,"21.2715265477714","positive"
"checkout",7,"2.31512017476245","positive"
"children",7,"2.31512017476245","positive"
"cleaning",7,"2.31512017476245","positive"
"continental",7,"2.31512017476245","positive"
"customer",7,"2.31512017476245","positive"
"everywhere",7,"2.31512017476245","positive"
"functional",7,"19.7154772340574","positive"
"impressive",7,"21.2715265477714","positive"
"marvelous",7,"21.2715265477714","positive"
"mattress",7,"2.31512017476245","positive"
"slippers",7,"2.31512017476245","positive"
"standards",7,"2.31512017476245","positive"
"suggested",7,"2.31512017476245","positive"
"throughout",7,"2.31512017476245","positive"
"toiletries",7,"2.31512017476245","positive"
"traveler",7,"2.31512017476245","positive"
"understand",7,"21.2715265477714","positive"
"vacation",7,"2.31512017476245","positive"
"wardrobe",7,"2.31512017476245","positive"
"apparently",6,"2.31512017476245","positive"
"arranged",6,"2.31512017476245","positive"
"attitude",6,"2.31512017476245","positive"
"blackout",6,"2.31512017476245","positive"
"boyfriend",6,"2.31512017476245","positive"
"category",6,"2.31512017476245","positive"
"celebrate",6,"21.2715265477714","positive"
"complete",6,"2.31512017476245","positive"
"corridor",6,"2.31512017476245","positive"
"district",6,"2.31512017476245","positive"
"elevator",6,"2.31512017476245","positive"
"elsewhere",6,"2.31512017476245","positive"
"encountered",6,"2.31512017476245","positive"
"european",6,"2.31512017476245","positive"
"families",6,"2.31512017476245","positive"
"frequent",6,"2.31512017476245","positive"
"important",6,"19.7154772340574","positive"
"mentioned",6,"2.31512017476245","positive"
"multiple",6,"2.31512017476245","positive"
"nightlife",6,"2.31512017476245","positive"
"normally",6,"2.31512017476245","positive"
"offering",6,"2.31512017476245","positive"
"overlooks",6,"2.31512017476245","positive"
"particular",6,"2.31512017476245","positive"
"personal",6,"21.2715265477714","positive"
"positive",6,"19.7154772340574","positive"
"remember",6,"2.31512017476245","positive"
"returning",6,"2.31512017476245","positive"
"selection",6,"2.31512017476245","positive"
"services",6,"2.31512017476245","positive"
"straight",6,"19.7154772340574","positive"
"stunning",6,"21.2715265477714","positive"
"television",6,"2.31512017476245","positive"
"thinking",6,"2.31512017476245","positive"
"tourists",6,"2.31512017476245","positive"
"treatment",6,"2.31512017476245","positive"
"unbeatable",6,"2.31512017476245","positive"
"visiting",6,"2.31512017476245","positive"
"watching",6,"2.31512017476245","positive"
"accessible",5,"19.7154772340574","positive"
"addition",5,"2.31512017476245","positive"
"arriving",5,"2.31512017476245","positive"
"centrally",5,"2.31512017476245","positive"
"christmas",5,"2.31512017476245","positive"
"claustrophobic",5,"2.31512017476245","positive"
"connected",5,"2.31512017476245","positive"
"daughter",5,"2.31512017476245","positive"
"evenings",5,"2.31512017476245","positive"
"exceptional",5,"21.2715265477714","positive"
"expecting",5,"2.31512017476245","positive"
"experiences",5,"2.31512017476245","positive"
"favorite",5,"21.2715265477714","positive"
"function",5,"19.7154772340574","positive"
"furniture",5,"2.31512017476245","positive"
"husbands",5,"2.31512017476245","positive"
"impressed",5,"2.31512017476245","positive"
"improved",5,"19.7154772340574","positive"
"incredible",5,"21.2715265477714","positive"
"maintenance",5,"2.31512017476245","positive"
"managers",5,"2.31512017476245","positive"
"overlooking",5,"2.31512017476245","positive"
"pastries",5,"2.31512017476245","positive"
"personally",5,"2.31512017476245","positive"
"pleasant",5,"19.7154772340574","positive"
"pleasure",5,"21.2715265477714","positive"
"prepared",5,"19.7154772340574","positive"
"returned",5,"2.31512017476245","positive"
"september",5,"2.31512017476245","positive"
"somewhere",5,"2.31512017476245","positive"
"spending",5,"2.31512017476245","positive"
"together",5,"21.2715265477714","positive"
"travelling",5,"2.31512017476245","positive"
"turndown",5,"2.31512017476245","positive"
"adjacent",4,"2.31512017476245","positive"
"ambassador",4,"2.31512017476245","positive"
"appreciate",4,"21.2715265477714","positive"
"attention",4,"2.31512017476245","positive"
"bothered",4,"2.31512017476245","positive"
"cleanliness",4,"19.7154772340574","positive"
"compared",4,"2.31512017476245","positive"
"computer",4,"2.31512017476245","positive"
"consider",4,"21.2715265477714","positive"
"constantly",4,"2.31512017476245","positive"
"customers",4,"2.31512017476245","positive"
"decorated",4,"2.31512017476245","positive"
"delivered",4,"2.31512017476245","positive"
"discover",4,"2.31512017476245","positive"
"electric",4,"2.31512017476245","positive"
"elements",4,"2.31512017476245","positive"
"enjoying",4,"2.31512017476245","positive"
"entering",4,"2.31512017476245","positive"
"exception",4,"2.31512017476245","positive"
"exploring",4,"2.31512017476245","positive"
"familiar",4,"2.31512017476245","positive"
"features",4,"2.31512017476245","positive"
"frequently",4,"2.31512017476245","positive"
"happening",4,"2.31512017476245","positive"
"impeccable",4,"21.2715265477714","positive"
"impressions",4,"19.7154772340574","positive"
"insiders",4,"2.31512017476245","positive"
"interested",4,"19.7154772340574","positive"
"mentioning",4,"2.31512017476245","positive"
"midnight",4,"2.31512017476245","positive"
"opportunity",4,"21.2715265477714","positive"
"opposite",4,"2.31512017476245","positive"
"original",4,"19.7154772340574","positive"
"particularly",4,"2.31512017476245","positive"
"perfectly",4,"21.2715265477714","positive"
"perspective",4,"2.31512017476245","positive"
"practical",4,"19.7154772340574","positive"
"practice",4,"2.31512017476245","positive"
"preferred",4,"2.31512017476245","positive"
"previously",4,"2.31512017476245","positive"
"professional",4,"2.31512017476245","positive"
"projection",4,"2.31512017476245","positive"
"projector",4,"2.31512017476245","positive"
"properly",4,"19.7154772340574","positive"
"recommendation",4,"21.2715265477714","positive"
"relaxing",4,"2.31512017476245","positive"
"requests",4,"2.31512017476245","positive"
"reviewers",4,"2.31512017476245","positive"
"terrific",4,"21.2715265477714","positive"
"theaters",4,"2.31512017476245","positive"
"theatres",4,"2.31512017476245","positive"
"traditional",4,"19.7154772340574","positive"
"traveller",4,"2.31512017476245","positive"
"underground",4,"2.31512017476245","positive"
"upgrading",4,"2.31512017476245","positive"
"accommodate",3,"2.31512017476245","positive"
"allocated",3,"2.31512017476245","positive"
"american",3,"2.31512017476245","positive"
"anywhere",3,"2.31512017476245","positive"
"availability",3,"2.31512017476245","positive"
"blocking",3,"2.31512017476245","positive"
"breakfasts",3,"2.31512017476245","positive"
"changing",3,"2.31512017476245","positive"
"colleagues",3,"2.31512017476245","positive"
"communication",3,"2.31512017476245","positive"
"conditioner",3,"2.31512017476245","positive"
"confirmed",3,"2.31512017476245","positive"
"consistent",3,"19.7154772340574","positive"
"contacted",3,"2.31512017476245","positive"
"controls",3,"2.31512017476245","positive"
"conveniently",3,"21.2715265477714","positive"
"courteous",3,"21.2715265477714","positive"
"daughters",3,"2.31512017476245","positive"
"decoration",3,"2.31512017476245","positive"
"decorative",3,"2.31512017476245","positive"
"doorstep",3,"2.31512017476245","positive"
"drinking",3,"2.31512017476245","positive"
"electrical",3,"2.31512017476245","positive"
"elevators",3,"2.31512017476245","positive"
"engineer",3,"2.31512017476245","positive"
"essentially",3,"2.31512017476245","positive"
"eventually",3,"2.31512017476245","positive"
"experienced",3,"19.7154772340574","positive"
"exterior",3,"2.31512017476245","positive"
"fivestar",3,"2.31512017476245","positive"
"fortunately",3,"21.2715265477714","positive"
"francisco",3,"2.31512017476245","positive"
"furthermore",3,"2.31512017476245","positive"
"girlfriend",3,"2.31512017476245","positive"
"heathrow",3,"2.31512017476245","positive"
"incredibly",3,"21.2715265477714","positive"
"informing",3,"2.31512017476245","positive"
"intimate",3,"19.7154772340574","positive"
"luggages",3,"2.31512017476245","positive"
"luxurious",3,"21.2715265477714","positive"
"marvellous",3,"21.2715265477714","positive"
"meridien",3,"2.31512017476245","positive"
"nespresso",3,"2.31512017476245","positive"
"observed",3,"2.31512017476245","positive"
"olympics",3,"2.31512017476245","positive"
"overpriced",3,"2.31512017476245","positive"
"penthouse",3,"2.31512017476245","positive"
"phenomenal",3,"21.2715265477714","positive"
"pictures",3,"21.2715265477714","positive"
"pleasantly",3,"19.7154772340574","positive"
"potential",3,"19.7154772340574","positive"
"pressure",3,"2.31512017476245","positive"
"promptly",3,"19.7154772340574","positive"
"provides",3,"2.31512017476245","positive"
"proximity",3,"2.31512017476245","positive"
"reasonable",3,"19.7154772340574","positive"
"recognize",3,"2.31512017476245","positive"
"recommended",3,"21.2715265477714","positive"
"remembered",3,"2.31512017476245","positive"
"representative",3,"2.31512017476245","positive"
"residents",3,"2.31512017476245","positive"
"romantic",3,"21.2715265477714","positive"
"rotating",3,"2.31512017476245","positive"
"separated",3,"2.31512017476245","positive"
"situation",3,"2.31512017476245","positive"
"smallest",3,"2.31512017476245","positive"
"solution",3,"2.31512017476245","positive"
"speakers",3,"2.31512017476245","positive"
"speaking",3,"2.31512017476245","positive"
"sporadically",3,"2.31512017476245","positive"
"steamroom",3,"2.31512017476245","positive"
"suitable",3,"19.7154772340574","positive"
"superior",3,"19.7154772340574","positive"
"surprisingly",3,"2.31512017476245","positive"
"switches",3,"2.31512017476245","positive"
"teacoffee",3,"2.31512017476245","positive"
"technology",3,"2.31512017476245","positive"
"temporary",3,"2.31512017476245","positive"
"treatments",3,"2.31512017476245","positive"
"tripadvisor",3,"2.31512017476245","positive"
"understood",3,"21.2715265477714","positive"
"ventilation",3,"2.31512017476245","positive"
"weekends",3,"2.31512017476245","positive"
"absolute",2,"2.31512017476245","positive"
"acceptable",2,"19.7154772340574","positive"
"accepted",2,"2.31512017476245","positive"
"accomodate",2,"2.31512017476245","positive"
"accurate",2,"19.7154772340574","positive"
"accustomed",2,"2.31512017476245","positive"
"addressed",2,"2.31512017476245","positive"
"adequate",2,"19.7154772340574","positive"
"advertised",2,"2.31512017476245","positive"
"affordable",2,"19.7154772340574","positive"
"afterwards",2,"2.31512017476245","positive"
"ambience",2,"2.31512017476245","positive"
"americans",2,"2.31512017476245","positive"
"apologetic",2,"2.31512017476245","positive"
"apologized",2,"2.31512017476245","positive"
"appearance",2,"2.31512017476245","positive"
"appeared",2,"2.31512017476245","positive"
"applying",2,"2.31512017476245","positive"
"appointment",2,"2.31512017476245","positive"
"approximately",2,"2.31512017476245","positive"
"arrangement",2,"2.31512017476245","positive"
"assisting",2,"2.31512017476245","positive"
"attached",2,"2.31512017476245","positive"
"attempted",2,"2.31512017476245","positive"
"authentic",2,"19.7154772340574","positive"
"barcelona",2,"2.31512017476245","positive"
"barlounge",2,"2.31512017476245","positive"
"barstool",2,"2.31512017476245","positive"
"bathrobes",2,"2.31512017476245","positive"
"benefits",2,"19.7154772340574","positive"
"bernardo",2,"2.31512017476245","positive"
"bluetooth",2,"2.31512017476245","positive"
"boutique",2,"2.31512017476245","positive"
"carefully",2,"2.31512017476245","positive"
"carnival",2,"2.31512017476245","positive"
"carrying",2,"2.31512017476245","positive"
"categories",2,"2.31512017476245","positive"
"ceilings",2,"2.31512017476245","positive"
"celebration",2,"21.2715265477714","positive"
"challenges",2,"2.31512017476245","positive"
"channels",2,"2.31512017476245","positive"
"charging",2,"2.31512017476245","positive"
"chocolate",2,"2.31512017476245","positive"
"choosing",2,"2.31512017476245","positive"
"claiming",2,"2.31512017476245","positive"
"cocktail",2,"2.31512017476245","positive"
"collected",2,"2.31512017476245","positive"
"collection",2,"2.31512017476245","positive"
"combination",2,"2.31512017476245","positive"
"comments",2,"2.31512017476245","positive"
"comparing",2,"2.31512017476245","positive"
"complained",2,"2.31512017476245","positive"
"concierges",2,"2.31512017476245","positive"
"condition",2,"2.31512017476245","positive"
"conditioning",2,"2.31512017476245","positive"
"confirmation",2,"2.31512017476245","positive"
"connectivity",2,"2.31512017476245","positive"
"considerate",2,"21.2715265477714","positive"
"consists",2,"2.31512017476245","positive"
"construction",2,"2.31512017476245","positive"
"continue",2,"2.31512017476245","positive"
"controller",2,"2.31512017476245","positive"
"convenience",2,"2.31512017476245","positive"
"convinced",2,"2.31512017476245","positive"
"corrected",2,"2.31512017476245","positive"
"courtesy",2,"21.2715265477714","positive"
"cubbyhole",2,"2.31512017476245","positive"
"cubicles",2,"2.31512017476245","positive"
"cupcakes",2,"2.31512017476245","positive"
"currently",2,"2.31512017476245","positive"
"december",2,"2.31512017476245","positive"
"decision",2,"2.31512017476245","positive"
"declined",2,"2.31512017476245","positive"
"decorations",2,"2.31512017476245","positive"
"departure",2,"2.31512017476245","positive"
"described",2,"2.31512017476245","positive"
"describes",2,"2.31512017476245","positive"
"describing",2,"2.31512017476245","positive"
"deserves",2,"2.31512017476245","positive"
"discovered",2,"2.31512017476245","positive"
"disheveled",2,"2.31512017476245","positive"
"districts",2,"2.31512017476245","positive"
"efficiently",2,"2.31512017476245","positive"
"embankment",2,"2.31512017476245","positive"
"encounter",2,"2.31512017476245","positive"
"energetic",2,"19.7154772340574","positive"
"enjoyable",2,"21.2715265477714","positive"
"entertainment",2,"2.31512017476245","positive"
"environs",2,"2.31512017476245","positive"
"everyday",2,"2.31512017476245","positive"
"exceeded",2,"2.31512017476245","positive"
"excellence",2,"21.2715265477714","positive"
"exciting",2,"21.2715265477714","positive"
"exclusive",2,"19.7154772340574","positive"
"expectation",2,"2.31512017476245","positive"
"explained",2,"2.31512017476245","positive"
"extended",2,"2.31512017476245","positive"
"favorites",2,"2.31512017476245","positive"
"featured",2,"2.31512017476245","positive"
"feedback",2,"2.31512017476245","positive"
"fittings",2,"2.31512017476245","positive"
"fixtures",2,"2.31512017476245","positive"
"fortunate",2,"19.7154772340574","positive"
"frontdesk",2,"2.31512017476245","positive"
"functioning",2,"2.31512017476245","positive"
"generous",2,"21.2715265477714","positive"
"gentleman",2,"2.31512017476245","positive"
"glitches",2,"2.31512017476245","positive"
"gorgeous",2,"21.2715265477714","positive"
"greatest",2,"21.2715265477714","positive"
"greeting",2,"2.31512017476245","positive"
"guaranteed",2,"2.31512017476245","positive"
"gymamazing",2,"2.31512017476245","positive"
"hasslefree",2,"2.31512017476245","positive"
"heavenly",2,"21.2715265477714","positive"
"helpfully",2,"2.31512017476245","positive"
"hesitate",2,"2.31512017476245","positive"
"honestly",2,"21.2715265477714","positive"
"hotelroom",2,"2.31512017476245","positive"
"immaculate",2,"21.2715265477714","positive"
"immediate",2,"2.31512017476245","positive"
"impression",2,"19.7154772340574","positive"
"improvement",2,"19.7154772340574","positive"
"improvements",2,"2.31512017476245","positive"
"informal",2,"2.31512017476245","positive"
"information",2,"2.31512017476245","positive"
"informed",2,"2.31512017476245","positive"
"initially",2,"2.31512017476245","positive"
"instances",2,"2.31512017476245","positive"
"integrated",2,"2.31512017476245","positive"
"interior",2,"2.31512017476245","positive"
"international",2,"2.31512017476245","positive"
"itinerary",2,"2.31512017476245","positive"
"kingsize",2,"2.31512017476245","positive"
"knowledge",2,"21.2715265477714","positive"
"lightswitch",2,"2.31512017476245","positive"
"listened",2,"2.31512017476245","positive"
"longterm",2,"2.31512017476245","positive"
"majority",2,"2.31512017476245","positive"
"mauritius",2,"2.31512017476245","positive"
"minifridge",2,"2.31512017476245","positive"
"minimalistic",2,"2.31512017476245","positive"
"necessary",2,"19.7154772340574","positive"
"negatives",2,"2.31512017476245","positive"
"neighborhood",2,"2.31512017476245","positive"
"neighborhoods",2,"2.31512017476245","positive"
"nightclubs",2,"2.31512017476245","positive"
"november",2,"2.31512017476245","positive"
"occasion",2,"2.31512017476245","positive"
"occasions",2,"2.31512017476245","positive"
"overlooked",2,"2.31512017476245","positive"
"partners",2,"2.31512017476245","positive"
"performers",2,"2.31512017476245","positive"
"placement",2,"2.31512017476245","positive"
"planning",2,"2.31512017476245","positive"
"plumbing",2,"2.31512017476245","positive"
"portrait",2,"2.31512017476245","positive"
"possibly",2,"2.31512017476245","positive"
"presence",2,"2.31512017476245","positive"
"presented",2,"2.31512017476245","positive"
"previous",2,"2.31512017476245","positive"
"priority",2,"2.31512017476245","positive"
"programs",2,"2.31512017476245","positive"
"proofing",2,"2.31512017476245","positive"
"providing",2,"2.31512017476245","positive"
"questions",2,"2.31512017476245","positive"
"rainforest",2,"2.31512017476245","positive"
"recently",2,"2.31512017476245","positive"
"receptionist",2,"2.31512017476245","positive"
"recognised",2,"2.31512017476245","positive"
"recognized",2,"2.31512017476245","positive"
"regardless",2,"2.31512017476245","positive"
"relations",2,"2.31512017476245","positive"
"relationship",2,"2.31512017476245","positive"
"relatively",2,"2.31512017476245","positive"
"repaired",2,"2.31512017476245","positive"
"reported",2,"2.31512017476245","positive"
"researching",2,"2.31512017476245","positive"
"reserved",2,"2.31512017476245","positive"
"residences",2,"2.31512017476245","positive"
"responsive",2,"19.7154772340574","positive"
"resulted",2,"2.31512017476245","positive"
"reviewed",2,"2.31512017476245","positive"
"sandwich",2,"2.31512017476245","positive"
"satisfying",2,"19.7154772340574","positive"
"saunasteam",2,"2.31512017476245","positive"
"schedule",2,"2.31512017476245","positive"
"scratches",2,"2.31512017476245","positive"
"seemingly",2,"2.31512017476245","positive"
"shouldnt",2,"2.31512017476245","positive"
"significant",2,"19.7154772340574","positive"
"somewhat",2,"2.31512017476245","positive"
"soundproofed",2,"2.31512017476245","positive"
"specially",2,"2.31512017476245","positive"
"specific",2,"2.31512017476245","positive"
"specifically",2,"2.31512017476245","positive"
"spgplatinum",2,"2.31512017476245","positive"
"splashes",2,"2.31512017476245","positive"
"spotless",2,"21.2715265477714","positive"
"stairwell",2,"2.31512017476245","positive"
"starpoints",2,"2.31512017476245","positive"
"streetlevel",2,"2.31512017476245","positive"
"stressed",2,"2.31512017476245","positive"
"stroller",2,"2.31512017476245","positive"
"submitted",2,"2.31512017476245","positive"
"suitcase",2,"2.31512017476245","positive"
"suiteand",2,"2.31512017476245","positive"
"supplied",2,"2.31512017476245","positive"
"supposedly",2,"2.31512017476245","positive"
"surprises",2,"2.31512017476245","positive"
"surrounding",2,"2.31512017476245","positive"
"surroundings",2,"2.31512017476245","positive"
"switched",2,"2.31512017476245","positive"
"symptomatic",2,"2.31512017476245","positive"
"tastefully",2,"2.31512017476245","positive"
"temperature",2,"2.31512017476245","positive"
"therefore",2,"2.31512017476245","positive"
"thorough",2,"19.7154772340574","positive"
"thoroughly",2,"2.31512017476245","positive"
"toothbrush",2,"2.31512017476245","positive"
"trafalger",2,"2.31512017476245","positive"
"transfer",2,"2.31512017476245","positive"
"traveled",2,"2.31512017476245","positive"
"treadmills",2,"2.31512017476245","positive"
"treating",2,"2.31512017476245","positive"
"turntables",2,"2.31512017476245","positive"
"umbrellas",2,"2.31512017476245","positive"
"updating",2,"2.31512017476245","positive"
"venturing",2,"2.31512017476245","positive"
"visitors",2,"2.31512017476245","positive"
"walkable",2,"2.31512017476245","positive"
"welcomed",2,"2.31512017476245","positive"
"whateverwhenever",2,"2.31512017476245","positive"
"whimsical",2,"21.2715265477714","positive"
"wondered",2,"2.31512017476245","positive"
"wonderfully",2,"21.2715265477714","positive"
"worldwide",2,"2.31512017476245","positive"
"accessed",1,"2.31512017476245","positive"
"accessories",1,"2.31512017476245","positive"
"accessory",1,"2.31512017476245","positive"
"accidentally",1,"2.31512017476245","positive"
"acclimate",1,"2.31512017476245","positive"
"accommodation",1,"2.31512017476245","positive"
"accommodations",1,"2.31512017476245","positive"
"accompanying",1,"2.31512017476245","positive"
"accomplished",1,"2.31512017476245","positive"
"according",1,"2.31512017476245","positive"
"accounting",1,"2.31512017476245","positive"
"accoutrements",1,"2.31512017476245","positive"
"accurately",1,"19.7154772340574","positive"
"acknowledge",1,"19.7154772340574","positive"
"acknowledged",1,"2.31512017476245","positive"
"acknowledgement",1,"19.7154772340574","positive"
"activated",1,"2.31512017476245","positive"
"activities",1,"2.31512017476245","positive"
"activity",1,"2.31512017476245","positive"
"additionally",1,"2.31512017476245","positive"
"adequately",1,"2.31512017476245","positive"
"adjusted",1,"2.31512017476245","positive"
"adjusting",1,"2.31512017476245","positive"
"admittedly",1,"21.2715265477714","positive"
"advanced",1,"19.7154772340574","positive"
"advantage",1,"19.7154772340574","positive"
"adventurous",1,"19.7154772340574","positive"
"advising",1,"2.31512017476245","positive"
"advocate",1,"21.2715265477714","positive"
"aesthetics",1,"2.31512017476245","positive"
"afforded",1,"2.31512017476245","positive"
"aforementioned",1,"2.31512017476245","positive"
"airplane",1,"2.31512017476245","positive"
"alcoholic",1,"2.31512017476245","positive"
"alexander",1,"2.31512017476245","positive"
"alienating",1,"2.31512017476245","positive"
"allblackclad",1,"2.31512017476245","positive"
"allinall",1,"2.31512017476245","positive"
"alluring",1,"21.2715265477714","positive"
"alternative",1,"2.31512017476245","positive"
"alternatively",1,"2.31512017476245","positive"
"altogether",1,"2.31512017476245","positive"
"amazingly",1,"21.2715265477714","positive"
"amplified",1,"2.31512017476245","positive"
"anniversarythe",1,"2.31512017476245","positive"
"annoyances",1,"2.31512017476245","positive"
"answered",1,"2.31512017476245","positive"
"answering",1,"2.31512017476245","positive"
"antartic",1,"2.31512017476245","positive"
"anythingas",1,"2.31512017476245","positive"
"apartment",1,"2.31512017476245","positive"
"apartments",1,"2.31512017476245","positive"
"apologies",1,"2.31512017476245","positive"
"apologizing",1,"2.31512017476245","positive"
"approach",1,"2.31512017476245","positive"
"approached",1,"2.31512017476245","positive"
"appropriate",1,"19.7154772340574","positive"
"arrangements",1,"2.31512017476245","positive"
"arranges",1,"2.31512017476245","positive"
"arranging",1,"2.31512017476245","positive"
"artdesign",1,"2.31512017476245","positive"
"arthritis",1,"2.31512017476245","positive"
"assembly",1,"2.31512017476245","positive"
"assigned",1,"2.31512017476245","positive"
"assistance",1,"2.31512017476245","positive"
"associated",1,"2.31512017476245","positive"
"astonished",1,"21.2715265477714","positive"
"astronomically",1,"2.31512017476245","positive"
"atmospere",1,"2.31512017476245","positive"
"atmospherewe",1,"2.31512017476245","positive"
"atmsphere",1,"2.31512017476245","positive"
"attended",1,"2.31512017476245","positive"
"attending",1,"2.31512017476245","positive"
"attentitive",1,"2.31512017476245","positive"
"attractive",1,"21.2715265477714","positive"
"attractiveclean",1,"2.31512017476245","positive"
"attracts",1,"2.31512017476245","positive"
"atypical",1,"2.31512017476245","positive"
"automated",1,"2.31512017476245","positive"
"availablity",1,"2.31512017476245","positive"
"avoiding",1,"2.31512017476245","positive"
"awaiting",1,"2.31512017476245","positive"
"awakened",1,"2.31512017476245","positive"
"babyyeah",1,"2.31512017476245","positive"
"bachelor",1,"2.31512017476245","positive"
"background",1,"2.31512017476245","positive"
"backpack",1,"2.31512017476245","positive"
"bacteria",1,"2.31512017476245","positive"
"baggages",1,"2.31512017476245","positive"
"balanced",1,"19.7154772340574","positive"
"balloons",1,"2.31512017476245","positive"
"barlibrary",1,"2.31512017476245","positive"
"barsclubs",1,"2.31512017476245","positive"
"bartender",1,"2.31512017476245","positive"
"bartenders",1,"2.31512017476245","positive"
"bassfilled",1,"2.31512017476245","positive"
"bathrobe",1,"2.31512017476245","positive"
"bathroomreally",1,"2.31512017476245","positive"
"bathroomshower",1,"2.31512017476245","positive"
"bearable",1,"2.31512017476245","positive"
"beautifully",1,"21.2715265477714","positive"
"bedroomlounge",1,"2.31512017476245","positive"
"bedroomsleeping",1,"2.31512017476245","positive"
"bedsheet",1,"2.31512017476245","positive"
"bedsheets",1,"2.31512017476245","positive"
"beginning",1,"2.31512017476245","positive"
"behaviors",1,"2.31512017476245","positive"
"belgravia",1,"2.31512017476245","positive"
"believed",1,"2.31512017476245","positive"
"bellboys",1,"2.31512017476245","positive"
"bellservice",1,"2.31512017476245","positive"
"beverage",1,"2.31512017476245","positive"
"billionaire",1,"2.31512017476245","positive"
"blessing",1,"21.2715265477714","positive"
"bookingcom",1,"2.31512017476245","positive"
"bookings",1,"2.31512017476245","positive"
"bordering",1,"2.31512017476245","positive"
"borefest",1,"2.31512017476245","positive"
"boutiques",1,"2.31512017476245","positive"
"breathtaking",1,"21.2715265477714","positive"
"brightly",1,"2.31512017476245","positive"
"brightness",1,"19.7154772340574","positive"
"brilliantly",1,"21.2715265477714","positive"
"bringing",1,"2.31512017476245","positive"
"brownies",1,"2.31512017476245","positive"
"brushing",1,"2.31512017476245","positive"
"buckingham",1,"2.31512017476245","positive"
"budapest",1,"2.31512017476245","positive"
"budgeting",1,"2.31512017476245","positive"
"buildings",1,"2.31512017476245","positive"
"bursting",1,"2.31512017476245","positive"
"busstops",1,"2.31512017476245","positive"
"cabinetry",1,"2.31512017476245","positive"
"california",1,"2.31512017476245","positive"
"callofduty",1,"2.31512017476245","positive"
"capabilities",1,"2.31512017476245","positive"
"capability",1,"19.7154772340574","positive"
"capacity",1,"2.31512017476245","positive"
"cappuccino",1,"2.31512017476245","positive"
"caribbean",1,"2.31512017476245","positive"
"carpetblack",1,"2.31512017476245","positive"
"cashmoney",1,"2.31512017476245","positive"
"cautions",1,"2.31512017476245","positive"
"cavelike",1,"2.31512017476245","positive"
"celebrated",1,"21.2715265477714","positive"
"celebrating",1,"2.31512017476245","positive"
"celebrations",1,"2.31512017476245","positive"
"celebrity",1,"19.7154772340574","positive"
"centralized",1,"2.31512017476245","positive"
"cerealcontinental",1,"2.31512017476245","positive"
"ceremony",1,"2.31512017476245","positive"
"chairsstools",1,"2.31512017476245","positive"
"challenged",1,"2.31512017476245","positive"
"champange",1,"2.31512017476245","positive"
"changingshower",1,"2.31512017476245","positive"
"characters",1,"2.31512017476245","positive"
"chauffeur",1,"2.31512017476245","positive"
"checkinout",1,"2.31512017476245","positive"
"cheerleader",1,"2.31512017476245","positive"
"choclate",1,"2.31512017476245","positive"
"christian",1,"2.31512017476245","positive"
"cigarette",1,"2.31512017476245","positive"
"cinemalike",1,"2.31512017476245","positive"
"circular",1,"2.31512017476245","positive"
"circumstance",1,"2.31512017476245","positive"
"citybreaks",1,"2.31512017476245","positive"
"civilized",1,"2.31512017476245","positive"
"clandmark",1,"2.31512017476245","positive"
"clanking",1,"2.31512017476245","positive"
"classically",1,"2.31512017476245","positive"
"classiest",1,"2.31512017476245","positive"
"cleaners",1,"2.31512017476245","positive"
"cleanest",1,"2.31512017476245","positive"
"cleverly",1,"2.31512017476245","positive"
"clientele",1,"2.31512017476245","positive"
"closedbut",1,"2.31512017476245","positive"
"clothing",1,"2.31512017476245","positive"
"clubstyle",1,"2.31512017476245","positive"
"cluttering",1,"2.31512017476245","positive"
"cocktailsor",1,"2.31512017476245","positive"
"coffeemaker",1,"2.31512017476245","positive"
"coincided",1,"2.31512017476245","positive"
"collapsed",1,"2.31512017476245","positive"
"colliding",1,"2.31512017476245","positive"
"colorful",1,"19.7154772340574","positive"
"coloring",1,"2.31512017476245","positive"
"combined",1,"2.31512017476245","positive"
"combining",1,"2.31512017476245","positive"
"comedically",1,"2.31512017476245","positive"
"comforts",1,"2.31512017476245","positive"
"commanding",1,"2.31512017476245","positive"
"commemorate",1,"2.31512017476245","positive"
"commentary",1,"2.31512017476245","positive"
"commented",1,"2.31512017476245","positive"
"companion",1,"2.31512017476245","positive"
"compatible",1,"19.7154772340574","positive"
"compensation",1,"2.31512017476245","positive"
"competition",1,"2.31512017476245","positive"
"complementary",1,"2.31512017476245","positive"
"completeness",1,"2.31512017476245","positive"
"complicatedquirky",1,"2.31512017476245","positive"
"compounding",1,"2.31512017476245","positive"
"concealed",1,"2.31512017476245","positive"
"conceals",1,"2.31512017476245","positive"
"conceirge",1,"2.31512017476245","positive"
"conclusion",1,"2.31512017476245","positive"
"conferences",1,"2.31512017476245","positive"
"confortable",1,"2.31512017476245","positive"
"congratulatory",1,"21.2715265477714","positive"
"conjested",1,"2.31512017476245","positive"
"connecting",1,"2.31512017476245","positive"
"connection",1,"2.31512017476245","positive"
"connections",1,"2.31512017476245","positive"
"considerably",1,"2.31512017476245","positive"
"consideration",1,"2.31512017476245","positive"
"considered",1,"2.31512017476245","positive"
"consisted",1,"2.31512017476245","positive"
"consistently",1,"2.31512017476245","positive"
"consulted",1,"2.31512017476245","positive"
"consulting",1,"2.31512017476245","positive"
"contacts",1,"2.31512017476245","positive"
"contained",1,"2.31512017476245","positive"
"contains",1,"2.31512017476245","positive"
"continued",1,"2.31512017476245","positive"
"controlled",1,"2.31512017476245","positive"
"convenienceandefficiencyoriented",1,"2.31512017476245","positive"
"conveniences",1,"2.31512017476245","positive"
"convenientsurrounded",1,"2.31512017476245","positive"
"conventional",1,"2.31512017476245","positive"
"conventionally",1,"2.31512017476245","positive"
"conversation",1,"2.31512017476245","positive"
"cordially",1,"2.31512017476245","positive"
"cordless",1,"2.31512017476245","positive"
"cordoned",1,"2.31512017476245","positive"
"corporate",1,"2.31512017476245","positive"
"corrdidors",1,"2.31512017476245","positive"
"corresponding",1,"2.31512017476245","positive"
"countertop",1,"2.31512017476245","positive"
"countless",1,"2.31512017476245","positive"
"couplessingles",1,"2.31512017476245","positive"
"crashing",1,"2.31512017476245","positive"
"crediting",1,"2.31512017476245","positive"
"croissants",1,"2.31512017476245","positive"
"crowdartistsetcdidnt",1,"2.31512017476245","positive"
"cubbyholes",1,"2.31512017476245","positive"
"cucumber",1,"2.31512017476245","positive"
"culinary",1,"2.31512017476245","positive"
"cunningly",1,"2.31512017476245","positive"
"cupboard",1,"2.31512017476245","positive"
"cupboards",1,"2.31512017476245","positive"
"curbside",1,"2.31512017476245","positive"
"cushions",1,"2.31512017476245","positive"
"customise",1,"2.31512017476245","positive"
"danciest",1,"2.31512017476245","positive"
"dangerously",1,"2.31512017476245","positive"
"daughtergranddaughter",1,"2.31512017476245","positive"
"dayalthough",1,"2.31512017476245","positive"
"daylight",1,"2.31512017476245","positive"
"deceived",1,"2.31512017476245","positive"
"deconstruct",1,"2.31512017476245","positive"
"dedicated",1,"21.2715265477714","positive"
"deferred",1,"2.31512017476245","positive"
"deficiencies",1,"2.31512017476245","positive"
"definition",1,"2.31512017476245","positive"
"delighful",1,"2.31512017476245","positive"
"delights",1,"2.31512017476245","positive"
"depending",1,"2.31512017476245","positive"
"depleting",1,"2.31512017476245","positive"
"deployment",1,"2.31512017476245","positive"
"descends",1,"2.31512017476245","positive"
"description",1,"2.31512017476245","positive"
"descriptions",1,"2.31512017476245","positive"
"designing",1,"2.31512017476245","positive"
"designluxury",1,"2.31512017476245","positive"
"desiring",1,"2.31512017476245","positive"
"desirous",1,"21.2715265477714","positive"
"deskchair",1,"2.31512017476245","positive"
"desksink",1,"2.31512017476245","positive"
"desktable",1,"2.31512017476245","positive"
"desperadoes",1,"2.31512017476245","positive"
"destination",1,"2.31512017476245","positive"
"destinations",1,"2.31512017476245","positive"
"detached",1,"2.31512017476245","positive"
"detailed",1,"2.31512017476245","positive"
"deteriorated",1,"2.31512017476245","positive"
"diagonally",1,"2.31512017476245","positive"
"diameter",1,"2.31512017476245","positive"
"diffusers",1,"2.31512017476245","positive"
"direction",1,"2.31512017476245","positive"
"director",1,"2.31512017476245","positive"
"disappointedback",1,"2.31512017476245","positive"
"disappointmentto",1,"2.31512017476245","positive"
"discounted",1,"2.31512017476245","positive"
"discoverd",1,"2.31512017476245","positive"
"discrete",1,"2.31512017476245","positive"
"disfunctional",1,"2.31512017476245","positive"
"disinfected",1,"2.31512017476245","positive"
"disliked",1,"2.31512017476245","positive"
"dislikes",1,"2.31512017476245","positive"
"dispenser",1,"2.31512017476245","positive"
"disposable",1,"2.31512017476245","positive"
"diversity",1,"2.31512017476245","positive"
"djsmusic",1,"2.31512017476245","positive"
"dominated",1,"2.31512017476245","positive"
"dominics",1,"2.31512017476245","positive"
"doorbars",1,"2.31512017476245","positive"
"downgraded",1,"2.31512017476245","positive"
"downness",1,"2.31512017476245","positive"
"dozenhotel",1,"2.31512017476245","positive"
"dramatically",1,"2.31512017476245","positive"
"dreading",1,"2.31512017476245","positive"
"dressing",1,"2.31512017476245","positive"
"dribbled",1,"2.31512017476245","positive"
"drilling",1,"2.31512017476245","positive"
"dripping",1,"2.31512017476245","positive"
"driveway",1,"2.31512017476245","positive"
"duration",1,"2.31512017476245","positive"
"earplugs",1,"2.31512017476245","positive"
"eclectic",1,"21.2715265477714","positive"
"effective",1,"19.7154772340574","positive"
"electronic",1,"2.31512017476245","positive"
"elegance",1,"21.2715265477714","positive"
"elevatorslifts",1,"2.31512017476245","positive"
"emailing",1,"2.31512017476245","positive"
"embedded",1,"2.31512017476245","positive"
"emergencies",1,"2.31512017476245","positive"
"employed",1,"2.31512017476245","positive"
"employees",1,"2.31512017476245","positive"
"endlessly",1,"2.31512017476245","positive"
"engagedthe",1,"2.31512017476245","positive"
"engaging",1,"21.2715265477714","positive"
"engagingfriendly",1,"2.31512017476245","positive"
"engineering",1,"2.31512017476245","positive"
"entertained",1,"2.31512017476245","positive"
"entertainingsomeone",1,"2.31512017476245","positive"
"enthusiastic",1,"21.2715265477714","positive"
"entirely",1,"2.31512017476245","positive"
"entirety",1,"2.31512017476245","positive"
"entitled",1,"2.31512017476245","positive"
"entourage",1,"2.31512017476245","positive"
"entrances",1,"2.31512017476245","positive"
"entrants",1,"2.31512017476245","positive"
"entryway",1,"2.31512017476245","positive"
"entryways",1,"2.31512017476245","positive"
"equipment",1,"2.31512017476245","positive"
"equivalent",1,"2.31512017476245","positive"
"essential",1,"19.7154772340574","positive"
"establishments",1,"2.31512017476245","positive"
"etcwhatever",1,"2.31512017476245","positive"
"evaluate",1,"2.31512017476245","positive"
"everyones",1,"2.31512017476245","positive"
"everythingthis",1,"2.31512017476245","positive"
"everytime",1,"2.31512017476245","positive"
"exceeding",1,"21.2715265477714","positive"
"excellentonly",1,"2.31512017476245","positive"
"exceptionally",1,"21.2715265477714","positive"
"exceptions",1,"2.31512017476245","positive"
"exclusively",1,"2.31512017476245","positive"
"executed",1,"2.31512017476245","positive"
"execution",1,"2.31512017476245","positive"
"exercise",1,"2.31512017476245","positive"
"exhausted",1,"2.31512017476245","positive"
"exhausting",1,"2.31512017476245","positive"
"exhaustive",1,"19.7154772340574","positive"
"expansive",1,"21.2715265477714","positive"
"expectingrobe",1,"2.31512017476245","positive"
"expedience",1,"2.31512017476245","positive"
"experiencing",1,"2.31512017476245","positive"
"explanation",1,"2.31512017476245","positive"
"exploded",1,"2.31512017476245","positive"
"explored",1,"2.31512017476245","positive"
"extending",1,"2.31512017476245","positive"
"extensive",1,"2.31512017476245","positive"
"external",1,"2.31512017476245","positive"
"extraordinarily",1,"21.2715265477714","positive"
"extraordinary",1,"21.2715265477714","positive"
"facewash",1,"2.31512017476245","positive"
"facility",1,"2.31512017476245","positive"
"fainting",1,"2.31512017476245","positive"
"fallingapart",1,"2.31512017476245","positive"
"fascinating",1,"21.2715265477714","positive"
"faultless",1,"2.31512017476245","positive"
"favourite",1,"2.31512017476245","positive"
"february",1,"2.31512017476245","positive"
"feelings",1,"2.31512017476245","positive"
"fillippo",1,"2.31512017476245","positive"
"fingernail",1,"2.31512017476245","positive"
"fingertips",1,"2.31512017476245","positive"
"finished",1,"2.31512017476245","positive"
"finishing",1,"2.31512017476245","positive"
"firstname",1,"2.31512017476245","positive"
"flashlight",1,"2.31512017476245","positive"
"flawless",1,"21.2715265477714","positive"
"fleecing",1,"2.31512017476245","positive"
"flickering",1,"2.31512017476245","positive"
"floorplan",1,"2.31512017476245","positive"
"flustered",1,"2.31512017476245","positive"
"foldaway",1,"2.31512017476245","positive"
"followinga",1,"2.31512017476245","positive"
"foodbeverage",1,"2.31512017476245","positive"
"fooddrinkentertainment",1,"2.31512017476245","positive"
"foolproof",1,"19.7154772340574","positive"
"footprints",1,"2.31512017476245","positive"
"foremost",1,"21.2715265477714","positive"
"forgetting",1,"2.31512017476245","positive"
"forgotten",1,"2.31512017476245","positive"
"fraction",1,"2.31512017476245","positive"
"frederico",1,"2.31512017476245","positive"
"frequented",1,"2.31512017476245","positive"
"friendlier",1,"2.31512017476245","positive"
"friendlyweve",1,"2.31512017476245","positive"
"fruitful",1,"19.7154772340574","positive"
"fumbling",1,"2.31512017476245","positive"
"functionality",1,"2.31512017476245","positive"
"furnished",1,"2.31512017476245","positive"
"futuristic",1,"2.31512017476245","positive"
"generalthe",1,"2.31512017476245","positive"
"generation",1,"2.31512017476245","positive"
"generously",1,"21.2715265477714","positive"
"gentlemen",1,"2.31512017476245","positive"
"genuinely",1,"2.31512017476245","positive"
"getaways",1,"2.31512017476245","positive"
"gigantic",1,"2.31512017476245","positive"
"girlsremember",1,"2.31512017476245","positive"
"glamorous",1,"21.2715265477714","positive"
"glasslike",1,"2.31512017476245","positive"
"gliterati",1,"2.31512017476245","positive"
"glittering",1,"2.31512017476245","positive"
"goodness",1,"21.2715265477714","positive"
"gracious",1,"21.2715265477714","positive"
"grandeur",1,"21.2715265477714","positive"
"grantedfor",1,"2.31512017476245","positive"
"greatbathroom",1,"2.31512017476245","positive"
"greygoose",1,"2.31512017476245","positive"
"groupies",1,"2.31512017476245","positive"
"gruntgroan",1,"2.31512017476245","positive"
"guarantee",1,"19.7154772340574","positive"
"guidance",1,"19.7154772340574","positive"
"hairdryer",1,"2.31512017476245","positive"
"hakassan",1,"2.31512017476245","positive"
"handeled",1,"2.31512017476245","positive"
"handling",1,"2.31512017476245","positive"
"handsome",1,"21.2715265477714","positive"
"happiness",1,"21.2715265477714","positive"
"hardwired",1,"2.31512017476245","positive"
"hardwood",1,"2.31512017476245","positive"
"headboard",1,"2.31512017476245","positive"
"hereexcellent",1,"2.31512017476245","positive"
"heritage",1,"2.31512017476245","positive"
"hesitation",1,"2.31512017476245","positive"
"highlight",1,"21.2715265477714","positive"
"highlights",1,"2.31512017476245","positive"
"hightech",1,"2.31512017476245","positive"
"holidays",1,"2.31512017476245","positive"
"hollywood",1,"2.31512017476245","positive"
"homophobic",1,"2.31512017476245","positive"
"honoring",1,"2.31512017476245","positive"
"hopefully",1,"21.2715265477714","positive"
"hospitable",1,"21.2715265477714","positive"
"hotelsthis",1,"2.31512017476245","positive"
"hotelthank",1,"2.31512017476245","positive"
"housekeeper",1,"2.31512017476245","positive"
"houstons",1,"2.31512017476245","positive"
"httpswwwstarwoodhotelscompreferredguestpropertyfeaturesattractiondetailhtmlpropertyidattractionid",1,"2.31512017476245","positive"
"hundreds",1,"2.31512017476245","positive"
"illustrate",1,"2.31512017476245","positive"
"imessage",1,"2.31512017476245","positive"
"immersing",1,"2.31512017476245","positive"
"implemented",1,"2.31512017476245","positive"
"impressively",1,"21.2715265477714","positive"
"improving",1,"19.7154772340574","positive"
"improvised",1,"2.31512017476245","positive"
"inaugural",1,"2.31512017476245","positive"
"incident",1,"2.31512017476245","positive"
"inclusive",1,"19.7154772340574","positive"
"inconvenienced",1,"2.31512017476245","positive"
"increase",1,"2.31512017476245","positive"
"increasingly",1,"2.31512017476245","positive"
"indicated",1,"2.31512017476245","positive"
"indication",1,"2.31512017476245","positive"
"indicative",1,"2.31512017476245","positive"
"industry",1,"2.31512017476245","positive"
"infrastructure",1,"2.31512017476245","positive"
"insights",1,"2.31512017476245","positive"
"insisted",1,"2.31512017476245","positive"
"inspired",1,"2.31512017476245","positive"
"inspires",1,"2.31512017476245","positive"
"instructed",1,"2.31512017476245","positive"
"instructions",1,"2.31512017476245","positive"
"insulated",1,"2.31512017476245","positive"
"insulation",1,"2.31512017476245","positive"
"integration",1,"2.31512017476245","positive"
"intelligent",1,"21.2715265477714","positive"
"intentionally",1,"2.31512017476245","positive"
"interact",1,"2.31512017476245","positive"
"interest",1,"19.7154772340574","positive"
"interests",1,"19.7154772340574","positive"
"internationally",1,"2.31512017476245","positive"
"intersection",1,"2.31512017476245","positive"
"intervals",1,"2.31512017476245","positive"
"intervened",1,"2.31512017476245","positive"
"intially",1,"2.31512017476245","positive"
"intoxicated",1,"2.31512017476245","positive"
"introduced",1,"2.31512017476245","positive"
"invariably",1,"2.31512017476245","positive"
"involved",1,"2.31512017476245","positive"
"iphoneipod",1,"2.31512017476245","positive"
"istanbul",1,"2.31512017476245","positive"
"itisawesome",1,"2.31512017476245","positive"
"jawdropping",1,"2.31512017476245","positive"
"jetsetters",1,"2.31512017476245","positive"
"jonesing",1,"2.31512017476245","positive"
"jurassic",1,"2.31512017476245","positive"
"kilometer",1,"2.31512017476245","positive"
"kindergarten",1,"2.31512017476245","positive"
"knightsbridge",1,"2.31512017476245","positive"
"knocking",1,"2.31512017476245","positive"
"krishnas",1,"2.31512017476245","positive"
"landmarks",1,"2.31512017476245","positive"
"lanesborough",1,"2.31512017476245","positive"
"latecheckout",1,"2.31512017476245","positive"
"latelier",1,"2.31512017476245","positive"
"leceister",1,"2.31512017476245","positive"
"legitimate",1,"19.7154772340574","positive"
"leiceister",1,"2.31512017476245","positive"
"leveraging",1,"2.31512017476245","positive"
"lifelong",1,"19.7154772340574","positive"
"lifetime",1,"2.31512017476245","positive"
"lightstvetc",1,"2.31512017476245","positive"
"lightswelllunderstanding",1,"2.31512017476245","positive"
"lightswitches",1,"2.31512017476245","positive"
"likeminded",1,"2.31512017476245","positive"
"limousine",1,"2.31512017476245","positive"
"lipstick",1,"2.31512017476245","positive"
"listening",1,"2.31512017476245","positive"
"listlanguage",1,"2.31512017476245","positive"
"littered",1,"2.31512017476245","positive"
"livingroom",1,"2.31512017476245","positive"
"lobbynightclub",1,"2.31512017476245","positive"
"lobbythere",1,"2.31512017476245","positive"
"locations",1,"2.31512017476245","positive"
"locationwise",1,"2.31512017476245","positive"
"loccitane",1,"2.31512017476245","positive"
"logistics",1,"2.31512017476245","positive"
"londonreally",1,"2.31512017476245","positive"
"longhaul",1,"2.31512017476245","positive"
"longtime",1,"2.31512017476245","positive"
"loudness",1,"2.31512017476245","positive"
"loudthis",1,"2.31512017476245","positive"
"lowerranked",1,"2.31512017476245","positive"
"lunchdinner",1,"2.31512017476245","positive"
"luxuriate",1,"19.7154772340574","positive"
"luxurymoving",1,"2.31512017476245","positive"
"machines",1,"2.31512017476245","positive"
"mainonly",1,"2.31512017476245","positive"
"maintained",1,"2.31512017476245","positive"
"makeupclose",1,"2.31512017476245","positive"
"manageable",1,"19.7154772340574","positive"
"managementthe",1,"2.31512017476245","positive"
"margarita",1,"2.31512017476245","positive"
"massages",1,"2.31512017476245","positive"
"massively",1,"2.31512017476245","positive"
"material",1,"2.31512017476245","positive"
"materials",1,"2.31512017476245","positive"
"mattered",1,"2.31512017476245","positive"
"mcdonalds",1,"2.31512017476245","positive"
"mckenzie",1,"2.31512017476245","positive"
"measuring",1,"2.31512017476245","positive"
"megasuite",1,"2.31512017476245","positive"
"membership",1,"2.31512017476245","positive"
"mentions",1,"2.31512017476245","positive"
"menwoman",1,"2.31512017476245","positive"
"menwomen",1,"2.31512017476245","positive"
"mercedes",1,"2.31512017476245","positive"
"mezzanine",1,"2.31512017476245","positive"
"michelin",1,"2.31512017476245","positive"
"midmarch",1,"2.31512017476245","positive"
"midtwenties",1,"2.31512017476245","positive"
"milanbased",1,"2.31512017476245","positive"
"millions",1,"2.31512017476245","positive"
"minibottles",1,"2.31512017476245","positive"
"minimalist",1,"2.31512017476245","positive"
"minneapolis",1,"2.31512017476245","positive"
"mirrordoor",1,"2.31512017476245","positive"
"mirrorless",1,"2.31512017476245","positive"
"mirrorred",1,"2.31512017476245","positive"
"mirrorthe",1,"2.31512017476245","positive"
"misaligned",1,"2.31512017476245","positive"
"mismanagement",1,"2.31512017476245","positive"
"mixologist",1,"2.31512017476245","positive"
"mobility",1,"2.31512017476245","positive"
"morningthe",1,"2.31512017476245","positive"
"mortally",1,"2.31512017476245","positive"
"motioncontrolled",1,"2.31512017476245","positive"
"motionsensorcontrolled",1,"2.31512017476245","positive"
"motivated",1,"21.2715265477714","positive"
"movement",1,"2.31512017476245","positive"
"multipurpose",1,"2.31512017476245","positive"
"musicals",1,"2.31512017476245","positive"
"narrowish",1,"2.31512017476245","positive"
"navigate",1,"2.31512017476245","positive"
"necessities",1,"2.31512017476245","positive"
"neednothing",1,"2.31512017476245","positive"
"neighbors",1,"2.31512017476245","positive"
"neighbourhood",1,"2.31512017476245","positive"
"nesspresso",1,"2.31512017476245","positive"
"networks",1,"2.31512017476245","positive"
"neverending",1,"2.31512017476245","positive"
"nightclublounge",1,"2.31512017476245","positive"
"nonhipself",1,"2.31512017476245","positive"
"nonresort",1,"2.31512017476245","positive"
"nontourist",1,"2.31512017476245","positive"
"notepaper",1,"2.31512017476245","positive"
"nothingin",1,"2.31512017476245","positive"
"noticeable",1,"19.7154772340574","positive"
"noticeably",1,"2.31512017476245","positive"
"notified",1,"2.31512017476245","positive"
"notsogreat",1,"2.31512017476245","positive"
"numerous",1,"2.31512017476245","positive"
"obscured",1,"2.31512017476245","positive"
"obstructed",1,"2.31512017476245","positive"
"occasional",1,"2.31512017476245","positive"
"occasionally",1,"2.31512017476245","positive"
"occupancy",1,"2.31512017476245","positive"
"occupant",1,"2.31512017476245","positive"
"occupants",1,"2.31512017476245","positive"
"occupied",1,"2.31512017476245","positive"
"occupying",1,"2.31512017476245","positive"
"official",1,"2.31512017476245","positive"
"officially",1,"2.31512017476245","positive"
"offputting",1,"2.31512017476245","positive"
"oneandonly",1,"2.31512017476245","positive"
"onebedroom",1,"2.31512017476245","positive"
"operated",1,"2.31512017476245","positive"
"operates",1,"2.31512017476245","positive"
"operational",1,"2.31512017476245","positive"
"operator",1,"2.31512017476245","positive"
"opinions",1,"2.31512017476245","positive"
"opportunities",1,"2.31512017476245","positive"
"optimizes",1,"2.31512017476245","positive"
"organising",1,"2.31512017476245","positive"
"outgoing",1,"19.7154772340574","positive"
"outright",1,"2.31512017476245","positive"
"outthere",1,"2.31512017476245","positive"
"outweighing",1,"2.31512017476245","positive"
"overboard",1,"2.31512017476245","positive"
"overdesigned",1,"2.31512017476245","positive"
"overheat",1,"2.31512017476245","positive"
"overhyped",1,"2.31512017476245","positive"
"overnight",1,"2.31512017476245","positive"
"paasschen",1,"2.31512017476245","positive"
"paintbrush",1,"2.31512017476245","positive"
"pancakesit",1,"2.31512017476245","positive"
"parliament",1,"2.31512017476245","positive"
"partially",1,"2.31512017476245","positive"
"patheticthe",1,"2.31512017476245","positive"
"patricia",1,"2.31512017476245","positive"
"payperview",1,"2.31512017476245","positive"
"peaceful",1,"19.7154772340574","positive"
"pedestrians",1,"2.31512017476245","positive"
"peoplethe",1,"2.31512017476245","positive"
"performing",1,"2.31512017476245","positive"
"perimeter",1,"2.31512017476245","positive"
"periodic",1,"2.31512017476245","positive"
"personalized",1,"2.31512017476245","positive"
"personnel",1,"2.31512017476245","positive"
"philosophy",1,"2.31512017476245","positive"
"photographyvery",1,"2.31512017476245","positive"
"picaddily",1,"2.31512017476245","positive"
"pillowsroom",1,"2.31512017476245","positive"
"placesbut",1,"2.31512017476245","positive"
"platesfilled",1,"2.31512017476245","positive"
"platimum",1,"2.31512017476245","positive"
"platinium",1,"2.31512017476245","positive"
"platters",1,"2.31512017476245","positive"
"polaroid",1,"2.31512017476245","positive"
"polished",1,"19.7154772340574","positive"
"portable",1,"19.7154772340574","positive"
"portuguese",1,"2.31512017476245","positive"
"position",1,"2.31512017476245","positive"
"positions",1,"2.31512017476245","positive"
"positives",1,"2.31512017476245","positive"
"practicing",1,"2.31512017476245","positive"
"prebooked",1,"2.31512017476245","positive"
"precisely",1,"19.7154772340574","positive"
"preferable",1,"21.2715265477714","positive"
"preferences",1,"21.2715265477714","positive"
"pregnant",1,"2.31512017476245","positive"
"premiere",1,"2.31512017476245","positive"
"prerequisite",1,"2.31512017476245","positive"
"preschooler",1,"2.31512017476245","positive"
"preselected",1,"2.31512017476245","positive"
"presents",1,"2.31512017476245","positive"
"president",1,"2.31512017476245","positive"
"presumably",1,"2.31512017476245","positive"
"pretending",1,"2.31512017476245","positive"
"prettiest",1,"2.31512017476245","positive"
"primarily",1,"2.31512017476245","positive"
"princess",1,"2.31512017476245","positive"
"pristine",1,"2.31512017476245","positive"
"produced",1,"2.31512017476245","positive"
"professionals",1,"2.31512017476245","positive"
"proffered",1,"2.31512017476245","positive"
"profiling",1,"2.31512017476245","positive"
"profound",1,"21.2715265477714","positive"
"programme",1,"2.31512017476245","positive"
"prohibits",1,"2.31512017476245","positive"
"prominently",1,"2.31512017476245","positive"
"promised",1,"2.31512017476245","positive"
"protected",1,"2.31512017476245","positive"
"providedthis",1,"2.31512017476245","positive"
"publication",1,"2.31512017476245","positive"
"pulldown",1,"2.31512017476245","positive"
"purchasing",1,"2.31512017476245","positive"
"purposeful",1,"21.2715265477714","positive"
"purposely",1,"2.31512017476245","positive"
"purposes",1,"2.31512017476245","positive"
"pushchair",1,"2.31512017476245","positive"
"pwhoever",1,"2.31512017476245","positive"
"qualified",1,"19.7154772340574","positive"
"qualities",1,"2.31512017476245","positive"
"qualityincluding",1,"2.31512017476245","positive"
"quarters",1,"2.31512017476245","positive"
"questioned",1,"2.31512017476245","positive"
"quietness",1,"2.31512017476245","positive"
"quirkiness",1,"2.31512017476245","positive"
"railroad",1,"2.31512017476245","positive"
"rainfall",1,"2.31512017476245","positive"
"rainshower",1,"2.31512017476245","positive"
"rationale",1,"2.31512017476245","positive"
"realizing",1,"2.31512017476245","positive"
"reapproached",1,"2.31512017476245","positive"
"receptionlounge",1,"2.31512017476245","positive"
"recommendations",1,"21.2715265477714","positive"
"recovery",1,"2.31512017476245","positive"
"rectangle",1,"2.31512017476245","positive"
"redeeming",1,"21.2715265477714","positive"
"redemption",1,"21.2715265477714","positive"
"reference",1,"2.31512017476245","positive"
"referred",1,"2.31512017476245","positive"
"referring",1,"2.31512017476245","positive"
"refilling",1,"2.31512017476245","positive"
"reflected",1,"2.31512017476245","positive"
"reflecting",1,"2.31512017476245","positive"
"reflection",1,"2.31512017476245","positive"
"refreshing",1,"21.2715265477714","positive"
"refrigeration",1,"2.31512017476245","positive"
"refusing",1,"2.31512017476245","positive"
"regional",1,"2.31512017476245","positive"
"register",1,"2.31512017476245","positive"
"registered",1,"2.31512017476245","positive"
"regrouted",1,"2.31512017476245","positive"
"regularly",1,"2.31512017476245","positive"
"reheated",1,"2.31512017476245","positive"
"reimbursed",1,"2.31512017476245","positive"
"relation",1,"2.31512017476245","positive"
"relationshipor",1,"2.31512017476245","positive"
"relative",1,"2.31512017476245","positive"
"relaxation",1,"2.31512017476245","positive"
"releases",1,"2.31512017476245","positive"
"relevant",1,"19.7154772340574","positive"
"reliable",1,"19.7154772340574","positive"
"relocating",1,"2.31512017476245","positive"
"remedies",1,"2.31512017476245","positive"
"reminded",1,"2.31512017476245","positive"
"reminder",1,"2.31512017476245","positive"
"renovated",1,"2.31512017476245","positive"
"renovation",1,"19.7154772340574","positive"
"repairmen",1,"2.31512017476245","positive"
"repeated",1,"2.31512017476245","positive"
"repeatedly",1,"2.31512017476245","positive"
"replaced",1,"2.31512017476245","positive"
"replaces",1,"2.31512017476245","positive"
"replenished",1,"2.31512017476245","positive"
"replenishing",1,"2.31512017476245","positive"
"representatives",1,"2.31512017476245","positive"
"represents",1,"2.31512017476245","positive"
"reprinted",1,"2.31512017476245","positive"
"reputation",1,"2.31512017476245","positive"
"requesting",1,"2.31512017476245","positive"
"required",1,"2.31512017476245","positive"
"research",1,"2.31512017476245","positive"
"reserving",1,"2.31512017476245","positive"
"resettling",1,"2.31512017476245","positive"
"resolved",1,"19.7154772340574","positive"
"resonated",1,"2.31512017476245","positive"
"resources",1,"2.31512017476245","positive"
"responded",1,"2.31512017476245","positive"
"responding",1,"2.31512017476245","positive"
"response",1,"2.31512017476245","positive"
"resubmit",1,"2.31512017476245","positive"
"revamping",1,"2.31512017476245","positive"
"revelers",1,"2.31512017476245","positive"
"reviewon",1,"2.31512017476245","positive"
"revolutionary",1,"2.31512017476245","positive"
"ringleaders",1,"2.31512017476245","positive"
"rollaway",1,"2.31512017476245","positive"
"rollawaya",1,"2.31512017476245","positive"
"roomservice",1,"2.31512017476245","positive"
"roomvery",1,"2.31512017476245","positive"
"sanderson",1,"2.31512017476245","positive"
"sandwiches",1,"2.31512017476245","positive"
"satisfactory",1,"21.2715265477714","positive"
"satisfied",1,"2.31512017476245","positive"
"saturdaysunday",1,"2.31512017476245","positive"
"scheduled",1,"2.31512017476245","positive"
"schubert",1,"2.31512017476245","positive"
"scramble",1,"2.31512017476245","positive"
"scrambled",1,"2.31512017476245","positive"
"screeningspa",1,"2.31512017476245","positive"
"seamlessly",1,"2.31512017476245","positive"
"secondtonone",1,"2.31512017476245","positive"
"sections",1,"2.31512017476245","positive"
"selfconsciousness",1,"2.31512017476245","positive"
"sensually",1,"2.31512017476245","positive"
"separating",1,"2.31512017476245","positive"
"servings",1,"2.31512017476245","positive"
"settings",1,"2.31512017476245","positive"
"shangrila",1,"2.31512017476245","positive"
"shattered",1,"2.31512017476245","positive"
"sheraton",1,"2.31512017476245","positive"
"shotthey",1,"2.31512017476245","positive"
"shouting",1,"2.31512017476245","positive"
"showergel",1,"2.31512017476245","positive"
"showering",1,"2.31512017476245","positive"
"showersteam",1,"2.31512017476245","positive"
"showroom",1,"2.31512017476245","positive"
"signature",1,"2.31512017476245","positive"
"signatures",1,"2.31512017476245","positive"
"significantly",1,"2.31512017476245","positive"
"silhouette",1,"2.31512017476245","positive"
"simultaneously",1,"2.31512017476245","positive"
"sincerely",1,"21.2715265477714","positive"
"sinkbasic",1,"2.31512017476245","positive"
"sinkcountertop",1,"2.31512017476245","positive"
"sinkdesk",1,"2.31512017476245","positive"
"situations",1,"2.31512017476245","positive"
"sleekness",1,"2.31512017476245","positive"
"slowdraining",1,"2.31512017476245","positive"
"smallish",1,"2.31512017476245","positive"
"smallwhich",1,"2.31512017476245","positive"
"smoother",1,"2.31512017476245","positive"
"snacksmm",1,"2.31512017476245","positive"
"sociable",1,"21.2715265477714","positive"
"sohomayfair",1,"2.31512017476245","positive"
"someones",1,"2.31512017476245","positive"
"soundproof",1,"2.31512017476245","positive"
"soundproofing",1,"2.31512017476245","positive"
"souvenir",1,"2.31512017476245","positive"
"spabathentryway",1,"2.31512017476245","positive"
"spasuite",1,"2.31512017476245","positive"
"spotlights",1,"2.31512017476245","positive"
"sprawling",1,"2.31512017476245","positive"
"squarewe",1,"2.31512017476245","positive"
"squarewith",1,"2.31512017476245","positive"
"squeezed",1,"2.31512017476245","positive"
"staffclub",1,"2.31512017476245","positive"
"staffing",1,"2.31512017476245","positive"
"staffservice",1,"2.31512017476245","positive"
"standout",1,"2.31512017476245","positive"
"standpoint",1,"2.31512017476245","positive"
"starbucks",1,"2.31512017476245","positive"
"starkers",1,"2.31512017476245","positive"
"starlings",1,"2.31512017476245","positive"
"starters",1,"2.31512017476245","positive"
"starting",1,"2.31512017476245","positive"
"startrekset",1,"2.31512017476245","positive"
"starwoods",1,"2.31512017476245","positive"
"statement",1,"2.31512017476245","positive"
"statements",1,"2.31512017476245","positive"
"steroids",1,"2.31512017476245","positive"
"sticking",1,"2.31512017476245","positive"
"stonehenge",1,"2.31512017476245","positive"
"stopping",1,"2.31512017476245","positive"
"storagebathroom",1,"2.31512017476245","positive"
"storeservice",1,"2.31512017476245","positive"
"strangethis",1,"2.31512017476245","positive"
"strategy",1,"2.31512017476245","positive"
"strawberries",1,"2.31512017476245","positive"
"strengths",1,"2.31512017476245","positive"
"stressless",1,"2.31512017476245","positive"
"stretches",1,"2.31512017476245","positive"
"stripcasino",1,"2.31512017476245","positive"
"strongly",1,"2.31512017476245","positive"
"structural",1,"2.31512017476245","positive"
"struggled",1,"2.31512017476245","positive"
"subwoofer",1,"2.31512017476245","positive"
"succeeds",1,"2.31512017476245","positive"
"successful",1,"19.7154772340574","positive"
"succumbed",1,"2.31512017476245","positive"
"suddenly",1,"2.31512017476245","positive"
"suggestion",1,"19.7154772340574","positive"
"suggestions",1,"19.7154772340574","positive"
"suggests",1,"2.31512017476245","positive"
"suitcases",1,"2.31512017476245","positive"
"suitenever",1,"2.31512017476245","positive"
"suiteseveral",1,"2.31512017476245","positive"
"suitetyping",1,"2.31512017476245","positive"
"suitewere",1,"2.31512017476245","positive"
"suitewith",1,"2.31512017476245","positive"
"summarize",1,"2.31512017476245","positive"
"supercool",1,"2.31512017476245","positive"
"superman",1,"2.31512017476245","positive"
"superstar",1,"2.31512017476245","positive"
"supplement",1,"2.31512017476245","positive"
"supplies",1,"2.31512017476245","positive"
"supplydemand",1,"2.31512017476245","positive"
"supremely",1,"21.2715265477714","positive"
"surprising",1,"2.31512017476245","positive"
"surround",1,"2.31512017476245","positive"
"surrounded",1,"2.31512017476245","positive"
"surrounds",1,"2.31512017476245","positive"
"survived",1,"2.31512017476245","positive"
"swearing",1,"2.31512017476245","positive"
"swimming",1,"2.31512017476245","positive"
"swindled",1,"2.31512017476245","positive"
"switching",1,"2.31512017476245","positive"
"tablesottomans",1,"2.31512017476245","positive"
"teenagers",1,"2.31512017476245","positive"
"teeshirts",1,"2.31512017476245","positive"
"telephone",1,"2.31512017476245","positive"
"temperatures",1,"2.31512017476245","positive"
"thanksgiving",1,"2.31512017476245","positive"
"therapist",1,"2.31512017476245","positive"
"thoughtout",1,"2.31512017476245","positive"
"thoughtthrough",1,"2.31512017476245","positive"
"threestar",1,"2.31512017476245","positive"
"thrilled",1,"2.31512017476245","positive"
"thursday",1,"2.31512017476245","positive"
"topnotch",1,"2.31512017476245","positive"
"topquality",1,"2.31512017476245","positive"
"touchscreen",1,"2.31512017476245","positive"
"touristic",1,"2.31512017476245","positive"
"tradeoffs",1,"2.31512017476245","positive"
"traditionally",1,"2.31512017476245","positive"
"trafalgar",1,"2.31512017476245","positive"
"training",1,"2.31512017476245","positive"
"tranqulity",1,"2.31512017476245","positive"
"transacted",1,"2.31512017476245","positive"
"transgressions",1,"2.31512017476245","positive"
"translates",1,"2.31512017476245","positive"
"transport",1,"2.31512017476245","positive"
"transportation",1,"2.31512017476245","positive"
"trashcan",1,"2.31512017476245","positive"
"trendytown",1,"2.31512017476245","positive"
"troubleour",1,"2.31512017476245","positive"
"truthfully",1,"21.2715265477714","positive"
"turnover",1,"2.31512017476245","positive"
"tvinternet",1,"2.31512017476245","positive"
"twittering",1,"2.31512017476245","positive"
"typically",1,"2.31512017476245","positive"
"ubercool",1,"2.31512017476245","positive"
"ultracomfortable",1,"2.31512017476245","positive"
"ultramodern",1,"2.31512017476245","positive"
"unanswered",1,"2.31512017476245","positive"
"unavailability",1,"2.31512017476245","positive"
"unceremoniously",1,"2.31512017476245","positive"
"uncommon",1,"21.2715265477714","positive"
"unconventional",1,"19.7154772340574","positive"
"underneath",1,"2.31512017476245","positive"
"understaffed",1,"2.31512017476245","positive"
"understandably",1,"2.31512017476245","positive"
"undervanity",1,"2.31512017476245","positive"
"underwater",1,"2.31512017476245","positive"
"undoubted",1,"21.2715265477714","positive"
"undressed",1,"2.31512017476245","positive"
"unfailingly",1,"2.31512017476245","positive"
"unforgivable",1,"2.31512017476245","positive"
"uninspiring",1,"2.31512017476245","positive"
"unlimited",1,"19.7154772340574","positive"
"unnecessarily",1,"2.31512017476245","positive"
"unobtrusively",1,"2.31512017476245","positive"
"unresponsive",1,"2.31512017476245","positive"
"unsupportive",1,"2.31512017476245","positive"
"untrained",1,"19.7154772340574","positive"
"unwelcoming",1,"2.31512017476245","positive"
"upcoming",1,"2.31512017476245","positive"
"upgradeand",1,"2.31512017476245","positive"
"upstairs",1,"2.31512017476245","positive"
"usability",1,"2.31512017476245","positive"
"vacuumed",1,"2.31512017476245","positive"
"valentines",1,"2.31512017476245","positive"
"vibrations",1,"2.31512017476245","positive"
"vicinity",1,"2.31512017476245","positive"
"victorian",1,"2.31512017476245","positive"
"visibility",1,"2.31512017476245","positive"
"visually",1,"2.31512017476245","positive"
"waitress",1,"2.31512017476245","positive"
"waitstaff",1,"2.31512017476245","positive"
"walltowall",1,"2.31512017476245","positive"
"warmlywe",1,"2.31512017476245","positive"
"washbasin",1,"2.31512017476245","positive"
"waterfall",1,"2.31512017476245","positive"
"waterproof",1,"2.31512017476245","positive"
"weekdays",1,"2.31512017476245","positive"
"welcomethe",1,"2.31512017476245","positive"
"welllaid",1,"2.31512017476245","positive"
"wellness",1,"2.31512017476245","positive"
"wellprepared",1,"2.31512017476245","positive"
"westernized",1,"2.31512017476245","positive"
"westminster",1,"2.31512017476245","positive"
"westwood",1,"2.31512017476245","positive"
"wherelast",1,"2.31512017476245","positive"
"wherever",1,"2.31512017476245","positive"
"whevever",1,"2.31512017476245","positive"
"whomever",1,"2.31512017476245","positive"
"wimbleton",1,"2.31512017476245","positive"
"wonderfull",1,"21.2715265477714","positive"
"wongenrichtens",1,"2.31512017476245","positive"
"workinghousekeeping",1,"2.31512017476245","positive"
"workspace",1,"2.31512017476245","positive"
"worldclass",1,"2.31512017476245","positive"
"wowsuite",1,"2.31512017476245","positive"
"yauatcha",1,"2.31512017476245","positive"
"youngatheart",1,"2.31512017476245","positive"
"yourselfperhaps",1,"2.31512017476245","positive"
